https://docs.google.com/spreadsheets/d/10MLqjGDvIINGGV-AurbX0WG3Q6z4AstiZTe3sjWxdQQ/edit?gid=866519638#gid=866519638,,,,,,,,,,,,
,,,SWR,,,,,,,,AGRI,
Item Code,Plan,,Item Code,Plan,,,Item Code,Plan,,,Item Code,Plan
PW 71,0,,PW73S,112,,,A-8C,29,,,A-8C,29
PW 72,0,,PW93S,680,,,A-9C,28,,,A-9C,28
PW 73,0,,PW13S,557,,,A-10C,0,,,A-11C,1
PW 74,0,,PW23S,92,,,A-11C,1,,,A-12C,14
PW 75,0,,PW53S,99,,,A-12C,14,,,A-26C,542
PW 76,0,,5710,3726,,,A-13C,0,,,A-27C,588
PW 77,0,,5910,305,,,A-14C,-4,,,A-28C,253
PW 78,0,,5110,4305,,,A-26C,542,,,A-29C,1088
PW 79,0,,5112,550,,,A-27C,588,,,A-31C,91
PW 80,0,,5711,2434,,,A-28C,253,,,A-32C,65
PW 91,0,,5911,511,,,A-29C,1088,,,A-44C,92
PW 92,0,,5111,5622,,,A-30C,0,,,A-45C,537
PW 93,0,,5611,135,,,A-31C,91,,,A-46C,138
PW 94,0,,5933,319,,,A-32C,65,,,A-47C,122
PW 95,0,,5133,2784,,,A-33C,0,,,A-48C,462
PW 96,0,,5152,72,,,A-34C,-7,,,A-49C,990
PW 97,0,,5941,148,,,A-44C,92,,,A-51C,23
PW 98,0,,5641,20,,,A-45C,537,,,A-52C,25
PW 99,0,,5155,38,,,A-46C,138,,,A-53C,10
PW 100,0,,5157,1697,,,A-47C,122,,,A-54C,53
PW 11,0,,5657,152,,,A-48C,462,,,A-83C,288
PW 12,0,,5761,1599,,,A-49C,990,,,A-84C,1
PW 13,0,,5161,306,,,A-50C,-79,,,A-8B,6
PW 14,0,,5162,2956,,,A-51C,23,,,A-26B,553
PW 15,0,,5763,386,,,A-52C,25,,,A-27B,270
PW 16,0,,5163,762,,,A-53C,10,,,A-28B,110
PW 17,0,,5763-W,1548,,,A-54C,53,,,A-29B,346
PW 18,0,,5163-W,469,,,A-81C,-121,,,A-31B,3
PW 19,0,,5171,324,,,A-82C,-497,,,A-44B,27
PW 20,0,,5773,104,,,A-83C,288,,,A-45B,269
PW 61,0,,5173,11,,,A-84C,1,,,A-83B,221
PW 62,0,,5912S,36,,,A-85C,0,,,A-44A,394
PW 63,0,,5141S,115,,,A-86C,0,,,A-45A,375
PW 64,0,,5641S,14,,,A-87C,0,,,A-47A,3
PW 65,0,,,,,,A-88C,-381,,,A-50A,0
PW 66,0,,,,,,A-89C,-21,,,A-84A,10
PW 67,0,,,,,,A-90C,0,,,A-85A,10
PW 68,0,,,,,,A-91C,0,,,A-246,511
PW 69,0,,,,,,A-92C,-9,,,A-247,1676
PW 70,0,,,,,,A-93C,0,,,A-248,225
PW 31,0,,,,,,A-94C,0,,,A-347,801
PW 32,0,,,,,,A-8B,6,,,A-348,1163
PW 33,0,,,,,,A-9B,-250,,,A-349,1268
PW 34,0,,,,,,A-10B,0,,,A-446,1609
PW 35,0,,,,,,A-11B,0,,,A-447,1088
PW 36,0,,,,,,A-12B,0,,,A-448,1645
PW 37,0,,,,,,A-13B,0,,,A-449,1646
PW 38,0,,,,,,A-14B,0,,,A-547,1692
PW 39,0,,,,,,A-26B,553,,,A-548,451
PW 40,0,,,,,,A-27B,270,,,A-549,1921
PW 81,0,,,,,,A-28B,110,,,A-542,83
PW 82,0,,,,,,A-29B,346,,,,
PW 83,0,,,,,,A-30B,0,,,,
PW 84,0,,,,,,A-31B,3,,,,
PW 85,0,,,,,,A-32B,0,,,,
PW 86,0,,,,,,A-33B,0,,,,
PW 87,0,,,,,,A-34B,0,,,,
PW 88,0,,,,,,A-44B,27,,,,
PW 89,0,,,,,,A-45B,269,,,,
PW 90,0,,,,,,A-46B,-240,,,,
PW 21,0,,,,,,A-47B,-389,,,,
PW 22,0,,,,,,A-48B,0,,,,
PW 23,0,,,,,,A-49B,0,,,,
PW 24,0,,,,,,A-50B,0,,,,
PW 25,0,,,,,,A-51B,0,,,,
PW 26,0,,,,,,A-52B,0,,,,
PW 27,0,,,,,,A-53B,0,,,,
PW 28,0,,,,,,A-54B,0,,,,
PW 29,0,,,,,,A-81B,0,,,,
PW 30,0,,,,,,A-82B,-370,,,,
PW 51,0,,,,,,A-83B,221,,,,
PW 52,0,,,,,,A-84B,0,,,,
PW 53,0,,,,,,A-85B,0,,,,
PW 54,0,,,,,,A-86B,0,,,,
PW 55,0,,,,,,A-87B,0,,,,
PW 56,0,,,,,,A-88B,0,,,,
PW 57,0,,,,,,A-89B,0,,,,
PW 58,0,,,,,,A-90B,0,,,,
PW 59,0,,,,,,A-91B,0,,,,
PW 60,0,,,,,,A-92B,0,,,,
PW71S,-167,,,,,,A-93B,0,,,,
PW72S,0,,,,,,A-94B,0,,,,
PW73S,112,,,,,,A-8A,0,,,,
PW74S,0,,,,,,A-9A,-22,,,,
PW75S,0,,,,,,A-10A,0,,,,
PW76S,0,,,,,,A-11A,0,,,,
PW77S,0,,,,,,A-12A,-97,,,,
PW78S,0,,,,,,A-13A,0,,,,
PW79S,0,,,,,,A-14A,-49,,,,
PW80S,0,,,,,,A-26A,-1437,,,,
PW91S,-91,,,,,,A-27A,-63,,,,
PW92S,0,,,,,,A-28A,-48,,,,
PW93S,680,,,,,,A-29A,-50,,,,
PW94S,0,,,,,,A-30A,0,,,,
PW95S,0,,,,,,A-31A,0,,,,
PW96S,0,,,,,,A-32A,-499,,,,
PW97S,0,,,,,,A-33A,0,,,,
PW98S,0,,,,,,A-34A,-31,,,,
PW99S,0,,,,,,A-44A,394,,,,
PW100S,0,,,,,,A-45A,375,,,,
PW11S,-519,,,,,,A-46A,-1064,,,,
PW12S,0,,,,,,A-47A,3,,,,
PW13S,557,,,,,,A-48A,-191,,,,
PW14S,-1,,,,,,A-49A,-28,,,,
PW15S,0,,,,,,A-50A,0,,,,
PW16S,0,,,,,,A-51A,0,,,,
PW17S,0,,,,,,A-52A,0,,,,
PW18S,0,,,,,,A-53A,0,,,,
PW19S,0,,,,,,A-54A,-79,,,,
PW20S,0,,,,,,A-81A,-1049,,,,
PW61S,-50,,,,,,A-82A,-1229,,,,
PW62S,-18,,,,,,A-83A,-477,,,,
PW63S,-21,,,,,,A-84A,10,,,,
PW64S,-29,,,,,,A-85A,10,,,,
PW65S,0,,,,,,A-86A,0,,,,
PW66S,0,,,,,,A-87A,0,,,,
PW67S,0,,,,,,A-88A,0,,,,
PW68S,0,,,,,,A-89A,0,,,,
PW69S,0,,,,,,A-90A,0,,,,
PW70S,0,,,,,,A-91A,0,,,,
PW31S,-422,,,,,,A-92A,0,,,,
PW32S,0,,,,,,A-93A,0,,,,
PW33S,-147,,,,,,A-94A,0,,,,
PW34S,0,,,,,,A264,0,,,,
PW35S,0,,,,,,A265,0,,,,
PW36S,0,,,,,,A266,0,,,,
PW37S,0,,,,,,A267,0,,,,
PW38S,0,,,,,,A268,0,,,,
PW39S,0,,,,,,A269,0,,,,
PW40S,0,,,,,,A270,0,,,,
PW81S,-95,,,,,,A271,0,,,,
PW82S,0,,,,,,A272,0,,,,
PW83S,-353,,,,,,A364,0,,,,
PW84S,0,,,,,,A365,0,,,,
PW85S,0,,,,,,A366,0,,,,
PW86S,0,,,,,,A367,0,,,,
PW87S,0,,,,,,A368,0,,,,
PW88S,0,,,,,,A369,0,,,,
PW89S,0,,,,,,A370,0,,,,
PW90S,0,,,,,,A371,0,,,,
PW21S,-234,,,,,,A372,0,,,,
PW22S,-30,,,,,,A464,0,,,,
PW23S,92,,,,,,A465,0,,,,
PW24S,0,,,,,,A466,0,,,,
PW25S,0,,,,,,A467,0,,,,
PW26S,0,,,,,,A468,0,,,,
PW27S,0,,,,,,A469,0,,,,
PW28S,0,,,,,,A470,0,,,,
PW29S,0,,,,,,A471,0,,,,
PW30S,0,,,,,,A472,0,,,,
PW51S,-115,,,,,,A564,0,,,,
PW52S,0,,,,,,A565,0,,,,
PW53S,99,,,,,,A566,0,,,,
PW54S,0,,,,,,A567,0,,,,
PW55S,0,,,,,,A568,0,,,,
PW56S,0,,,,,,A569,0,,,,
PW57S,0,,,,,,A570,0,,,,
PW58S,0,,,,,,A571,0,,,,
PW59S,0,,,,,,A572,0,,,,
PW60S,0,,,,,,A661,0,,,,
5710,3726,,,,,,A662,0,,,,
5910,305,,,,,,A663,0,,,,
5110,4305,,,,,,A664,0,,,,
5610,-414,,,,,,A665,0,,,,
5712,-1688,,,,,,A666,0,,,,
5912,-246,,,,,,A667,0,,,,
5112,550,,,,,,A668,0,,,,
5612,-61,,,,,,A669,0,,,,
5715,-428,,,,,,A670,0,,,,
5115,-5,,,,,,A671,0,,,,
5722,-3300,,,,,,A672,0,,,,
5922,-359,,,,,,A761,0,,,,
5122,-1468,,,,,,A762,0,,,,
5622,-60,,,,,,A763,0,,,,
5732,-196,,,,,,A764,0,,,,
5132,-153,,,,,,A765,0,,,,
5734,-16,,,,,,A766,0,,,,
5934,-1144,,,,,,A767,0,,,,
5134,-893,,,,,,A768,0,,,,
5634,-48,,,,,,A769,0,,,,
5711,2434,,,,,,A770,0,,,,
5911,511,,,,,,EWS 45,0,,,,
5111,5622,,,,,,A-246,511,,,,
5611,135,,,,,,A-247,1676,,,,
5714,-493,,,,,,A-248,225,,,,
5114,-73,,,,,,A-249,-537,,,,
5721,-2278,,,,,,A-242,-103,,,,
5921,-3,,,,,,A-243,-3,,,,
5121,-15,,,,,,A-346,-661,,,,
5621,-78,,,,,,A-347,801,,,,
5731,-204,,,,,,A-348,1163,,,,
5131,-382,,,,,,A-349,1268,,,,
5733,-434,,,,,,A-342,-37,,,,
5933,319,,,,,,A-343,-13,,,,
5133,2784,,,,,,A-446,1609,,,,
5633,-225,,,,,,A-447,1088,,,,
5151,-72,,,,,,A-448,1645,,,,
5951,-633,,,,,,A-449,1646,,,,
5651,-109,,,,,,A-442,-76,,,,
5751,-74,,,,,,A-443,-75,,,,
5152,72,,,,,,A-546,-541,,,,
5952,0,,,,,,A-547,1692,,,,
5652,-166,,,,,,A-548,451,,,,
5752,-44,,,,,,A-549,1921,,,,
5742,-1230,,,,,,A-542,83,,,,
5942,-100,,,,,,A-543,-21,,,,
5142,-98,,,,,,,,,,,
5642,0,,,,,,,,,,,
5746,-100,,,,,,,,,,,
5146,0,,,,,,,,,,,
5156,-755,,,,,,,,,,,
5745,-121,,,,,,,,,,,
5145,-197,,,,,,,,,,,
5758,0,,,,,,,,,,,
5158,-276,,,,,,,,,,,
5741,-181,,,,,,,,,,,
5941,148,,,,,,,,,,,
5141,-510,,,,,,,,,,,
5641,20,,,,,,,,,,,
5743,-749,,,,,,,,,,,
5143,0,,,,,,,,,,,
5155,38,,,,,,,,,,,
5744,-265,,,,,,,,,,,
5144,-102,,,,,,,,,,,
5157,1697,,,,,,,,,,,
5957,-563,,,,,,,,,,,
5657,152,,,,,,,,,,,
4761,-3528,,,,,,,,,,,
5761,1599,,,,,,,,,,,
5961,-931,,,,,,,,,,,
5161,306,,,,,,,,,,,
5661,0,,,,,,,,,,,
5762,-115,,,,,,,,,,,
5962,-1033,,,,,,,,,,,
5162,2956,,,,,,,,,,,
5662,-6,,,,,,,,,,,
5772,-29,,,,,,,,,,,
5172,-4,,,,,,,,,,,
5763,386,,,,,,,,,,,
5963,-311,,,,,,,,,,,
5163,762,,,,,,,,,,,
5763-W,1548,,,,,,,,,,,
5963-W,-15,,,,,,,,,,,
5163-W,469,,,,,,,,,,,
5764,-2600,,,,,,,,,,,
5964,0,,,,,,,,,,,
5164,-2645,,,,,,,,,,,
5664,-199,,,,,,,,,,,
5791,-865,,,,,,,,,,,
5102,0,,,,,,,,,,,
5103,0,,,,,,,,,,,
5104,0,,,,,,,,,,,
5105,0,,,,,,,,,,,
5771,-154,,,,,,,,,,,
5171,324,,,,,,,,,,,
5773,104,,,,,,,,,,,
5173,11,,,,,,,,,,,
5765,-1715,,,,,,,,,,,
RL02,0,,,,,,,,,,,
RL03,0,,,,,,,,,,,
RL04,0,,,,,,,,,,,
5710S,-17,,,,,,,,,,,
5910S,-1121,,,,,,,,,,,
5110S,-2250,,,,,,,,,,,
5610S,-194,,,,,,,,,,,
5711S,-697,,,,,,,,,,,
5911S,-142,,,,,,,,,,,
5111S,-1583,,,,,,,,,,,
5611S,-4,,,,,,,,,,,
5712S,-740,,,,,,,,,,,
5912S,36,,,,,,,,,,,
5112S,-341,,,,,,,,,,,
5612S,-24,,,,,,,,,,,
5721S,-1240,,,,,,,,,,,
5921S,-769,,,,,,,,,,,
5121S,-536,,,,,,,,,,,
5621S,-115,,,,,,,,,,,
5722S,-1960,,,,,,,,,,,
5922S,-190,,,,,,,,,,,
5122S,-37,,,,,,,,,,,
5622S,-168,,,,,,,,,,,
5733S,-451,,,,,,,,,,,
5933S,-133,,,,,,,,,,,
5133S,-192,,,,,,,,,,,
5633S,-44,,,,,,,,,,,
5734S,-308,,,,,,,,,,,
5934S,-191,,,,,,,,,,,
5134S,-3,,,,,,,,,,,
5634S,-40,,,,,,,,,,,
5741S,-261,,,,,,,,,,,
5941S,-330,,,,,,,,,,,
5141S,115,,,,,,,,,,,
5641S,14,,,,,,,,,,,
5742S,-117,,,,,,,,,,,
5942S,-198,,,,,,,,,,,
5142S,-186,,,,,,,,,,,
5642S,-75,,,,,,,,,,,
,,,,,,,,,,,,