https://docs.google.com/spreadsheets/d/10kBMisQ6dNcBLNO0GuD85w1eL1BUm8tKaAb9gl8-38M/edit?gid=963706410#gid=963706410,,,,,,,20-Aug-2026,,1-May-2026,WEEK-1,,7-May-2026,8-May-2025,WEEK-2,,14-May-2026,15-May-2026,WEEK-3,,21-May-2026,22-May-2026,WEEK-4,,31-May-2025
https://docs.google.com/spreadsheets/d/1IrwglsMbQQ9IMy7DVnXYobFa1IHPzRCi_MuBLjY6UvA/edit#gid=100248637,,,,,,,,,,,,,,,,,,,,,,,,
https://docs.google.com/spreadsheets/d/1uhYFw9iATxqQg-zr4munzK8f7AdkpkaaobYTg8HNA6Q/edit#gid=1073797387,,,"1,231,901",0,0,0,"1,231,901",0,"622,680",0,0,0,"583,793",0,0,0,"11,463",0,0,0,"13,965",0,0,0
TYPE,ITEM CODE,ITEM NAME,TOTAL PLANNED,TOTAL PRODUCED,TOTAL ORDER,TOTAL SALE,NET REQUIRED,STOCK,PLANNED,PRODUCED,ORDER,SALE,PLANNED,PRODUCED,ORDER,SALE,PLANNED,PRODUCED,ORDER,SALE,PLANNED,PRODUCED,ORDER,SALE
PIPE,PU-13S,#REF!,"11,960",0,0,0,"11,960",,"5,980",,,,"5,980",,,,0,,,,0,,,
FITTING,U920,#REF!,"21,040",0,0,0,"21,040",,"10,520",,,,"10,520",,,,0,,,,0,,,
PIPE,PU-14S,#REF!,"3,388",0,0,0,"3,388",,"1,694",,,,"1,694",,,,0,,,,0,,,
PIPE,PU-3S,#REF!,0,0,0,0,0,,0,,,,0,,,,0,,,,0,,,
FITTING,U81,#REF!,"13,140",0,0,0,"13,140",,"6,570",,,,"6,570",,,,0,,,,0,,,
PIPE,PU-4T,#REF!,"7,515",0,0,0,"7,515",,"3,758",,,,"3,758",,,,0,,,,0,,,
PIPE,PU-12S,#REF!,"5,575",0,0,0,"5,575",,"2,788",,,,0,,,,"2,788",,,,0,,,
FITTING,U263,#REF!,160,0,0,0,160,,80,,,,80,,,,0,,,,0,,,
FITTING,U954,#REF!,706,0,0,0,706,,353,,,,353,,,,0,,,,0,,,
FITTING,U23NL,#REF!,"13,580",0,0,0,"13,580",,"6,790",,,,"6,790",,,,0,,,,0,,,
FITTING,U502,#REF!,163,0,0,0,163,,163,,,,0,,,,0,,,,0,,,
FITTING,U51,#REF!,"60,005",0,0,0,"60,005",,"30,003",,,,"30,003",,,,0,,,,0,,,
PIPE,PU-13,#REF!,"77,558",0,0,0,"77,558",,"38,779",,,,"38,779",,,,0,,,,0,,,
FITTING,U254,#REF!,120,0,0,0,120,,60,,,,60,,,,0,,,,0,,,
FITTING,U23-L,#REF!,"16,650",0,0,0,"16,650",,"8,325",,,,"8,325",,,,0,,,,0,,,
FITTING,U45,#REF!,"13,424",0,0,0,"13,424",,"6,712",,,,"6,712",,,,0,,,,0,,,
FITTING,U25NL,#REF!,"2,480",0,0,0,"2,480",,"1,240",,,,"1,240",,,,0,,,,0,,,
FITTING,U103,#REF!,"17,600",0,0,0,"17,600",,"8,800",,,,"8,800",,,,0,,,,0,,,
PIPE,PU-12,#REF!,"23,050",0,0,0,"23,050",,"11,525",,,,"11,525",,,,0,,,,0,,,
FITTING,U504,#REF!,"1,960",0,0,0,"1,960",,980,,,,0,,,,0,,,,980,,,
FITTING,U73,#REF!,"5,435",0,0,0,"5,435",,"2,718",,,,"2,718",,,,0,,,,0,,,
FITTING,U63,#REF!,"54,638",0,0,0,"54,638",,"27,319",,,,"27,319",,,,0,,,,0,,,
PIPE,PU-5S,#REF!,172,0,0,0,172,,86,,,,86,,,,0,,,,0,,,
FITTING,U46,#REF!,"2,314",0,0,0,"2,314",,"1,157",,,,"1,157",,,,0,,,,0,,,
FITTING,U33,#REF!,"25,070",0,0,0,"25,070",,"12,535",,,,"12,535",,,,0,,,,0,,,
FITTING,U84,#REF!,424,0,0,0,424,,212,,,,0,,,,0,,,,212,,,
FITTING,U41,#REF!,"21,296",0,0,0,"21,296",,"10,648",,,,"10,648",,,,0,,,,0,,,
FITTING,UH88,#REF!,222,0,0,0,222,,111,,,,111,,,,0,,,,0,,,
FITTING,U965,#REF!,100,0,0,0,100,,50,,,,50,,,,0,,,,0,,,
FITTING,U521,#REF!,"28,663",0,0,0,"28,663",,"14,332",,,,"14,332",,,,0,,,,0,,,
FITTING,U323,#REF!,"9,723",0,0,0,"9,723",,"4,862",,,,"4,862",,,,0,,,,0,,,
FITTING,U91,#REF!,917,0,0,0,917,,917,,,,0,,,,0,,,,0,,,
FITTING,U54,#REF!,"21,430",0,0,0,"21,430",,"10,715",,,,"10,715",,,,0,,,,0,,,
PIPE,PU-11,#REF!,"2,370",0,0,0,"2,370",,"2,370",,,,0,,,,0,,,,0,,,
FITTING,U526,#REF!,"10,554",0,0,0,"10,554",,"5,277",,,,0,,,,0,,,,"5,277",,,
FITTING,U22NL,#REF!,"4,840",0,0,0,"4,840",,"2,420",,,,"2,420",,,,0,,,,0,,,
FITTING,U24NL,#REF!,"5,262",0,0,0,"5,262",,"2,631",,,,"2,631",,,,0,,,,0,,,
FITTING,U25,#REF!,290,0,0,0,290,,145,,,,0,,,,0,,,,145,,,
FITTING,U62,#REF!,"2,475",0,0,0,"2,475",,"2,475",,,,0,,,,0,,,,0,,,
FITTING,U52,#REF!,"99,602",0,0,0,"99,602",,"49,801",,,,"49,801",,,,0,,,,0,,,
FITTING,U34,#REF!,"8,576",0,0,0,"8,576",,"4,288",,,,"4,288",,,,0,,,,0,,,
FITTING,U321,#REF!,"6,076",0,0,0,"6,076",,"3,038",,,,"3,038",,,,0,,,,0,,,
FITTING,U32,#REF!,"8,946",0,0,0,"8,946",,"4,473",,,,"4,473",,,,0,,,,0,,,
FITTING,U71,#REF!,245,0,0,0,245,,245,,,,0,,,,0,,,,0,,,
FITTING,U731,#REF!,95,0,0,0,95,,95,,,,0,,,,0,,,,0,,,
FITTING,UH90-S,#REF!,32,0,0,0,32,,16,,,,16,,,,0,,,,0,,,
FITTING,U932,#REF!,0,0,0,0,0,,0,,,,0,,,,0,,,,0,,,
FITTING,U921,#REF!,0,0,0,0,0,,0,,,,0,,,,0,,,,0,,,
FITTING,U42,#REF!,"44,638",0,0,0,"44,638",,"22,319",,,,"22,319",,,,0,,,,0,,,
FITTING,U242,#REF!,0,0,0,0,0,,0,,,,0,,,,0,,,,0,,,
FITTING,U275,#REF!,0,0,0,0,0,,0,,,,0,,,,0,,,,0,,,
PIPE,PU-6S,#REF!,86,0,0,0,86,,43,,,,0,,,,0,,,,43,,,
FITTING,U251,#REF!,0,0,0,0,0,,0,,,,0,,,,0,,,,0,,,
PIPE,PU-8,#REF!,0,0,0,0,0,,0,,,,0,,,,0,,,,0,,,
FITTING,UH88-S,#REF!,0,0,0,0,0,,0,,,,0,,,,0,,,,0,,,
FITTING,U842,#REF!,0,0,0,0,0,,0,,,,0,,,,0,,,,0,,,
FITTING,U273N,#REF!,"28,722",0,0,0,"28,722",,"14,361",,,,"14,361",,,,0,,,,0,,,
FITTING,U262,#REF!,148,0,0,0,148,,74,,,,74,,,,0,,,,0,,,
FITTING,U821,#REF!,0,0,0,0,0,,0,,,,0,,,,0,,,,0,,,
FITTING,U53,#REF!,"216,720",0,0,0,"216,720",,"108,360",,,,"108,360",,,,0,,,,0,,,
FITTING,U232,#REF!,"3,833",0,0,0,"3,833",,"1,917",,,,"1,917",,,,0,,,,0,,,
FITTING,U531,#REF!,"3,410",0,0,0,"3,410",,"1,705",,,,0,,,,0,,,,"1,705",,,
PIPE,PU-2S,#REF!,0,0,0,0,0,,0,,,,0,,,,0,,,,0,,,
FITTING,U61,#REF!,0,0,0,0,0,,0,,,,0,,,,0,,,,0,,,
FITTING,U64,#REF!,"4,186",0,0,0,"4,186",,"2,093",,,,0,,,,0,,,,"2,093",,,
FITTING,U274N,#REF!,"5,356",0,0,0,"5,356",,"2,678",,,,"2,678",,,,0,,,,0,,,
FITTING,U85,#REF!,918,0,0,0,918,,459,,,,459,,,,0,,,,0,,,
FITTING,U252,#REF!,0,0,0,0,0,,0,,,,0,,,,0,,,,0,,,
FITTING,U963,#REF!,34,0,0,0,34,,17,,,,0,,,,17,,,,0,,,
FITTING,U11,#REF!,"1,144",0,0,0,"1,144",,572,,,,0,,,,572,,,,0,,,
PIPE,PU-15S,#REF!,980,0,0,0,980,,490,,,,490,,,,0,,,,0,,,
FITTING,U603,#REF!,"1,000",0,0,0,"1,000",,"1,000",,,,0,,,,0,,,,0,,,
FITTING,U102,#REF!,"8,974",0,0,0,"8,974",,"4,487",,,,"4,487",,,,0,,,,0,,,
FITTING,U930,#REF!,"2,904",0,0,0,"2,904",,"1,452",,,,0,,,,"1,452",,,,0,,,
FITTING,U72,#REF!,"8,337",0,0,0,"8,337",,"4,169",,,,"4,169",,,,0,,,,0,,,
FITTING,U21-L,#REF!,"6,564",0,0,0,"6,564",,"3,282",,,,"3,282",,,,0,,,,0,,,
FITTING,U276N,#REF!,962,0,0,0,962,,481,,,,481,,,,0,,,,0,,,
PIPE,PU-15,#REF!,"2,118",0,0,0,"2,118",,"1,059",,,,0,,,,"1,059",,,,0,,,
PIPE,PU-11S,#REF!,0,0,0,0,0,,0,,,,0,,,,0,,,,0,,,
FITTING,U503,#REF!,"21,562",0,0,0,"21,562",,"10,781",,,,"10,781",,,,0,,,,0,,,
FITTING,U12,#REF!,0,0,0,0,0,,0,,,,0,,,,0,,,,0,,,
PIPE,PU-14,#REF!,"9,350",0,0,0,"9,350",,"4,675",,,,"4,675",,,,0,,,,0,,,
FITTING,U43,#REF!,"109,554",0,0,0,"109,554",,"54,777",,,,"54,777",,,,0,,,,0,,,
FITTING,U83,#REF!,"2,278",0,0,0,"2,278",,"1,139",,,,"1,139",,,,0,,,,0,,,
FITTING,U862,#REF!,0,0,0,0,0,,0,,,,0,,,,0,,,,0,,,
FITTING,U13,#REF!,"1,860",0,0,0,"1,860",,930,,,,0,,,,930,,,,0,,,
FITTING,U24N,#REF!,502,0,0,0,502,,251,,,,251,,,,0,,,,0,,,
FITTING,U853,#REF!,992,0,0,0,992,,496,,,,0,,,,0,,,,496,,,
FITTING,U75,#REF!,0,0,0,0,0,,0,,,,0,,,,0,,,,0,,,
FITTING,U275N,#REF!,"1,858",0,0,0,"1,858",,929,,,,929,,,,0,,,,0,,,
FITTING,U231,#REF!,"10,092",0,0,0,"10,092",,"5,046",,,,"5,046",,,,0,,,,0,,,
FITTING,U21,#REF!,"3,260",0,0,0,"3,260",,"1,630",,,,0,,,,0,,,,"1,630",,,
FITTING,U523,#REF!,0,0,0,0,0,,0,,,,0,,,,0,,,,0,,,
FITTING,U322,#REF!,"8,579",0,0,0,"8,579",,"4,290",,,,"4,290",,,,0,,,,0,,,
PIPE,PU-16S,#REF!,43,0,0,0,43,,43,,,,0,,,,0,,,,0,,,
FITTING,U65,#REF!,"3,356",0,0,0,"3,356",,"1,678",,,,0,,,,"1,678",,,,0,,,
FITTING,U105,#REF!,572,0,0,0,572,,286,,,,0,,,,286,,,,0,,,
FITTING,U601,#REF!,"8,766",0,0,0,"8,766",,"4,383",,,,"4,383",,,,0,,,,0,,,
FITTING,U943,#REF!,"3,764",0,0,0,"3,764",,"1,882",,,,"1,882",,,,0,,,,0,,,
PIPE,PU-16,#REF!,732,0,0,0,732,,366,,,,366,,,,0,,,,0,,,
FITTING,UH74-S,#REF!,48,0,0,0,48,,48,,,,0,,,,0,,,,0,,,
FITTING,U253,#REF!,550,0,0,0,550,,275,,,,0,,,,0,,,,275,,,
FITTING,U74,#REF!,155,0,0,0,155,,155,,,,0,,,,0,,,,0,,,
FITTING,U243,#REF!,252,0,0,0,252,,252,,,,0,,,,0,,,,0,,,
FITTING,UH86,#REF!,576,0,0,0,576,,288,,,,288,,,,0,,,,0,,,
FITTING,U831,#REF!,"3,562",0,0,0,"3,562",,"1,781",,,,0,,,,"1,781",,,,0,,,
FITTING,U524,#REF!,116,0,0,0,116,,116,,,,0,,,,0,,,,0,,,
FITTING,U55,#REF!,"9,462",0,0,0,"9,462",,"4,731",,,,"4,731",,,,0,,,,0,,,
FITTING,U93,#REF!,"5,815",0,0,0,"5,815",,"2,908",,,,"2,908",,,,0,,,,0,,,
FITTING,U95,#REF!,"1,124",0,0,0,"1,124",,562,,,,562,,,,0,,,,0,,,
FITTING,U841,#REF!,4,0,0,0,4,,4,,,,0,,,,0,,,,0,,,
FITTING,U44,#REF!,"16,088",0,0,0,"16,088",,"8,044",,,,"8,044",,,,0,,,,0,,,
FITTING,U310,#REF!,320,0,0,0,320,,160,,,,0,,,,0,,,,160,,,
FITTING,U324,#REF!,75,0,0,0,75,,75,,,,0,,,,0,,,,0,,,
FITTING,U92,#REF!,"5,722",0,0,0,"5,722",,"2,861",,,,"2,861",,,,0,,,,0,,,
PIPE,PU-3T,#REF!,672,0,0,0,672,,336,,,,336,,,,0,,,,0,,,
FITTING,UH86-S,#REF!,0,0,0,0,0,,0,,,,0,,,,0,,,,0,,,
FITTING,UH82-S,#REF!,16,0,0,0,16,,16,,,,0,,,,0,,,,0,,,
FITTING,U532,#REF!,"13,026",0,0,0,"13,026",,"6,513",,,,"6,513",,,,0,,,,0,,,
FITTING,U505,#REF!,"1,356",0,0,0,"1,356",,678,,,,0,,,,0,,,,678,,,
FITTING,U852,#REF!,0,0,0,0,0,,0,,,,0,,,,0,,,,0,,,
FITTING,U272N,#REF!,816,0,0,0,816,,816,,,,0,,,,0,,,,0,,,
FITTING,U865,#REF!,834,0,0,0,834,,417,,,,417,,,,0,,,,0,,,
FITTING,U843,#REF!,"6,646",0,0,0,"6,646",,"3,323",,,,"3,323",,,,0,,,,0,,,
PIPE,PU-1T,#REF!,304,0,0,0,304,,152,,,,152,,,,0,,,,0,,,
FITTING,U66,#REF!,"1,752",0,0,0,"1,752",,876,,,,876,,,,0,,,,0,,,
FITTING,U538,#REF!,360,0,0,0,360,,180,,,,180,,,,0,,,,0,,,
FITTING,U50,#REF!,"5,946",0,0,0,"5,946",,"2,973",,,,"2,973",,,,0,,,,0,,,
FITTING,U25-L,#REF!,490,0,0,0,490,,245,,,,0,,,,0,,,,245,,,
FITTING,U931,#REF!,0,0,0,0,0,,0,,,,0,,,,0,,,,0,,,
FITTING,U832,#REF!,"1,285",0,0,0,"1,285",,"1,285",,,,0,,,,0,,,,0,,,
FITTING,U854,#REF!,398,0,0,0,398,,398,,,,0,,,,0,,,,0,,,
FITTING,U26NL,#REF!,210,0,0,0,210,,105,,,,105,,,,0,,,,0,,,
FITTING,U23,#REF!,485,0,0,0,485,,485,,,,0,,,,0,,,,0,,,
PIPE,PU-3,#REF!,360,0,0,0,360,,180,,,,180,,,,0,,,,0,,,
FITTING,U605,#REF!,0,0,0,0,0,,0,,,,0,,,,0,,,,0,,,
FITTING,U606,#REF!,0,0,0,0,0,,0,,,,0,,,,0,,,,0,,,
FITTING,U35,#REF!,"1,486",0,0,0,"1,486",,743,,,,743,,,,0,,,,0,,,
FITTING,U56,#REF!,"1,800",0,0,0,"1,800",,900,,,,0,,,,900,,,,0,,,
FITTING,U22-L,#REF!,516,0,0,0,516,,516,,,,0,,,,0,,,,0,,,
FITTING,U104,#REF!,60,0,0,0,60,,60,,,,0,,,,0,,,,0,,,
FITTING,U14,#REF!,0,0,0,0,0,,0,,,,0,,,,0,,,,0,,,
FITTING,U527,#REF!,0,0,0,0,0,,0,,,,0,,,,0,,,,0,,,
FITTING,U23N,#REF!,"1,844",0,0,0,"1,844",,922,,,,922,,,,0,,,,0,,,
FITTING,U953,#REF!,0,0,0,0,0,,0,,,,0,,,,0,,,,0,,,
FITTING,U90,#REF!,0,0,0,0,0,,0,,,,0,,,,0,,,,0,,,
FITTING,U101,#REF!,"1,193",0,0,0,"1,193",,"1,193",,,,0,,,,0,,,,0,,,
FITTING,U241,#REF!,0,0,0,0,0,,0,,,,0,,,,0,,,,0,,,
FITTING,U70,#REF!,"2,113",0,0,0,"2,113",,"1,057",,,,"1,057",,,,0,,,,0,,,
FITTING,U330,#REF!,0,0,0,0,0,,0,,,,0,,,,0,,,,0,,,
FITTING,U89,#REF!,"1,950",0,0,0,"1,950",,975,,,,975,,,,0,,,,0,,,
FITTING,U851,#REF!,0,0,0,0,0,,0,,,,0,,,,0,,,,0,,,
PIPE,PU-2,#REF!,0,0,0,0,0,,0,,,,0,,,,0,,,,0,,,
FITTING,U22,#REF!,0,0,0,0,0,,0,,,,0,,,,0,,,,0,,,
FITTING,U15,#REF!,0,0,0,0,0,,0,,,,0,,,,0,,,,0,,,
FITTING,U26,#REF!,23,0,0,0,23,,23,,,,0,,,,0,,,,0,,,
FITTING,U68,#REF!,76,0,0,0,76,,38,,,,38,,,,0,,,,0,,,
PIPE,PU-4S,#REF!,0,0,0,0,0,,0,,,,0,,,,0,,,,0,,,
FITTING,U106,#REF!,28,0,0,0,28,,28,,,,0,,,,0,,,,0,,,
FITTING,U31,#REF!,0,0,0,0,0,,0,,,,0,,,,0,,,,0,,,
FITTING,U273,#REF!,522,0,0,0,522,,522,,,,0,,,,0,,,,0,,,
PIPE,PU-1S,#REF!,0,0,0,0,0,,0,,,,0,,,,0,,,,0,,,
FITTING,U506,#REF!,0,0,0,0,0,,0,,,,0,,,,0,,,,0,,,
FITTING,U535,#REF!,0,0,0,0,0,,0,,,,0,,,,0,,,,0,,,
FITTING,U26-L,#REF!,0,0,0,0,0,,0,,,,0,,,,0,,,,0,,,
FITTING,U221,#REF!,0,0,0,0,0,,0,,,,0,,,,0,,,,0,,,
FITTING,U602,#REF!,0,0,0,0,0,,0,,,,0,,,,0,,,,0,,,
FITTING,U48,#REF!,52,0,0,0,52,,26,,,,0,,,,0,,,,26,,,
FITTING,U886,#REF!,0,0,0,0,0,,0,,,,0,,,,0,,,,0,,,
FITTING,U864,#REF!,0,0,0,0,0,,0,,,,0,,,,0,,,,0,,,
FITTING,U861,#REF!,0,0,0,0,0,,0,,,,0,,,,0,,,,0,,,
FITTING,U94,#REF!,0,0,0,0,0,,0,,,,0,,,,0,,,,0,,,
FITTING,U24,#REF!,0,0,0,0,0,,0,,,,0,,,,0,,,,0,,,
FITTING,U942,#REF!,0,0,0,0,0,,0,,,,0,,,,0,,,,0,,,
FITTING,U24-L,#REF!,0,0,0,0,0,,0,,,,0,,,,0,,,,0,,,
FITTING,U107,#REF!,0,0,0,0,0,,0,,,,0,,,,0,,,,0,,,
FITTING,UH89-S,#REF!,0,0,0,0,0,,0,,,,0,,,,0,,,,0,,,
FITTING,U863,#REF!,0,0,0,0,0,,0,,,,0,,,,0,,,,0,,,
FITTING,U49,#REF!,0,0,0,0,0,,0,,,,0,,,,0,,,,0,,,
FITTING,U36,#REF!,0,0,0,0,0,,0,,,,0,,,,0,,,,0,,,
PIPE,PU-5,#REF!,0,0,0,0,0,,0,,,,0,,,,0,,,,0,,,
FITTING,U96,#REF!,0,0,0,0,0,,0,,,,0,,,,0,,,,0,,,
SOLVENT,S14,#REF!,0,0,0,0,0,,0,,,,0,,,,0,,,,0,,,
FITTING,U604,#REF!,0,0,0,0,0,,0,,,,0,,,,0,,,,0,,,
FITTING,U86,#REF!,0,0,0,0,0,,0,,,,0,,,,0,,,,0,,,
FITTING,U57,#REF!,0,0,0,0,0,,0,,,,0,,,,0,,,,0,,,
FITTING,U109,#REF!,0,0,0,0,0,,0,,,,0,,,,0,,,,0,,,
FITTING,U69,#REF!,0,0,0,0,0,,0,,,,0,,,,0,,,,0,,,
FITTING,U897,#REF!,0,0,0,0,0,,0,,,,0,,,,0,,,,0,,,
FITTING,U896,#REF!,0,0,0,0,0,,0,,,,0,,,,0,,,,0,,,
FITTING,U76,#REF!,0,0,0,0,0,,0,,,,0,,,,0,,,,0,,,
FITTING,U265,#REF!,0,0,0,0,0,,0,,,,0,,,,0,,,,0,,,
FITTING,U320,#REF!,0,0,0,0,0,,0,,,,0,,,,0,,,,0,,,
FITTING,U274,#REF!,0,0,0,0,0,,0,,,,0,,,,0,,,,0,,,
SOLVENT,S13,#REF!,0,0,0,0,0,,0,,,,0,,,,0,,,,0,,,
FITTING,U22T,#REF!,0,0,0,0,0,,0,,,,0,,,,0,,,,0,,,
FITTING,U82,#REF!,0,0,0,0,0,,0,,,,0,,,,0,,,,0,,,
FITTING,U59,#REF!,0,0,0,0,0,,0,,,,0,,,,0,,,,0,,,
FITTING,U58,#REF!,0,0,0,0,0,,0,,,,0,,,,0,,,,0,,,
FITTING,U108,#REF!,0,0,0,0,0,,0,,,,0,,,,0,,,,0,,,
FITTING,U276,#REF!,0,0,0,0,0,,0,,,,0,,,,0,,,,0,,,
PIPE,PU-4,#REF!,0,0,0,0,0,,0,,,,0,,,,0,,,,0,,,
FITTING,UF13,#REF!,0,0,0,0,0,,0,,,,0,,,,0,,,,0,,,
FITTING,U22N,#REF!,0,0,0,0,0,,0,,,,0,,,,0,,,,0,,,
FITTING,U37,#REF!,0,0,0,0,0,,0,,,,0,,,,0,,,,0,,,
PIPE,PU-17,#REF!,0,0,0,0,0,,0,,,,0,,,,0,,,,0,,,
FITTING,U21T,#REF!,"1,626",0,0,0,"1,626",,813,,,,813,,,,0,,,,0,,,
FITTING,U340,#REF!,0,0,0,0,0,,0,,,,0,,,,0,,,,0,,,
FITTING,U536,#REF!,0,0,0,0,0,,0,,,,0,,,,0,,,,0,,,
FITTING,U534,#REF!,0,0,0,0,0,,0,,,,0,,,,0,,,,0,,,
PIPE,PU-19,#REF!,0,0,0,0,0,,0,,,,0,,,,0,,,,0,,,
FITTING,U67,#REF!,0,0,0,0,0,,0,,,,0,,,,0,,,,0,,,
FITTING,U23T,#REF!,0,0,0,0,0,,0,,,,0,,,,0,,,,0,,,
PIPE,PU-18,#REF!,0,0,0,0,0,,0,,,,0,,,,0,,,,0,,,
FITTING,U25N,#REF!,0,0,0,0,0,,0,,,,0,,,,0,,,,0,,,
FITTING,U609,#REF!,0,0,0,0,0,,0,,,,0,,,,0,,,,0,,,
PIPE,PU-6,#REF!,0,0,0,0,0,,0,,,,0,,,,0,,,,0,,,
FITTING,U608,#REF!,0,0,0,0,0,,0,,,,0,,,,0,,,,0,,,
FITTING,U537,#REF!,0,0,0,0,0,,0,,,,0,,,,0,,,,0,,,
PIPE,PU-1,#REF!,0,0,0,0,0,,0,,,,0,,,,0,,,,0,,,
FITTING,U278N,#REF!,0,0,0,0,0,,0,,,,0,,,,0,,,,0,,,
SOLVENT,S15,#REF!,0,0,0,0,0,,0,,,,0,,,,0,,,,0,,,
FITTING,U607,#REF!,0,0,0,0,0,,0,,,,0,,,,0,,,,0,,,
FITTING,UC6,#REF!,0,0,0,0,0,,0,,,,0,,,,0,,,,0,,,
FITTING,U887,#REF!,0,0,0,0,0,,0,,,,0,,,,0,,,,0,,,
FITTING,UC1,#REF!,0,0,0,0,0,,0,,,,0,,,,0,,,,0,,,
FITTING,UC3,#REF!,0,0,0,0,0,,0,,,,0,,,,0,,,,0,,,
FITTING,U264,#REF!,0,0,0,0,0,,0,,,,0,,,,0,,,,0,,,
FITTING,U951,#REF!,0,0,0,0,0,,0,,,,0,,,,0,,,,0,,,
FITTING,U964,#REF!,0,0,0,0,0,,0,,,,0,,,,0,,,,0,,,
FITTING,U962,#REF!,0,0,0,0,0,,0,,,,0,,,,0,,,,0,,,
FITTING,UH78-S,#REF!,0,0,0,0,0,,0,,,,0,,,,0,,,,0,,,
PIPE,PU-5T,#REF!,0,0,0,0,0,,0,,,,0,,,,0,,,,0,,,
FITTING,U961,#REF!,0,0,0,0,0,,0,,,,0,,,,0,,,,0,,,
FITTING,UH76,#REF!,128,0,0,0,128,,128,,,,0,,,,0,,,,0,,,
FITTING,UH89,#REF!,864,0,0,0,864,,432,,,,432,,,,0,,,,0,,,
FITTING,UH76-S,#REF!,416,0,0,0,416,,208,,,,208,,,,0,,,,0,,,
FITTING,U47,#REF!,0,0,0,0,0,,0,,,,0,,,,0,,,,0,,,
FITTING,UH72,#REF!,352,0,0,0,352,,176,,,,176,,,,0,,,,0,,,
FITTING,UH80-S,#REF!,0,0,0,0,0,,0,,,,0,,,,0,,,,0,,,
FITTING,UH90,#REF!,0,0,0,0,0,,0,,,,0,,,,0,,,,0,,,
FITTING,U533,#REF!,0,0,0,0,0,,0,,,,0,,,,0,,,,0,,,
FITTING,U539,#REF!,0,0,0,0,0,,0,,,,0,,,,0,,,,0,,,
FITTING,U941,#REF!,0,0,0,0,0,,0,,,,0,,,,0,,,,0,,,
FITTING,UF12,#REF!,0,0,0,0,0,,0,,,,0,,,,0,,,,0,,,
FITTING,U952,#REF!,0,0,0,0,0,,0,,,,0,,,,0,,,,0,,,
FITTING,UH72-S,#REF!,32,0,0,0,32,,32,,,,0,,,,0,,,,0,,,
FITTING,U876,#REF!,0,0,0,0,0,,0,,,,0,,,,0,,,,0,,,
FITTING,U875,#REF!,0,0,0,0,0,,0,,,,0,,,,0,,,,0,,,
PIPE,PU-17S,#REF!,0,0,0,0,0,,0,,,,0,,,,0,,,,0,,,
FITTING,U272,#REF!,0,0,0,0,0,,0,,,,0,,,,0,,,,0,,,
PIPE,PU-2T,#REF!,0,0,0,0,0,,0,,,,0,,,,0,,,,0,,,
PIPE,PU-18S,#REF!,0,0,0,0,0,,0,,,,0,,,,0,,,,0,,,
FITTING,U277N,#REF!,0,0,0,0,0,,0,,,,0,,,,0,,,,0,,,
FITTING,U38,#REF!,0,0,0,0,0,,0,,,,0,,,,0,,,,0,,,
FITTING,U261,#REF!,0,0,0,0,0,,0,,,,0,,,,0,,,,0,,,
SOLVENT,S16,#REF!,0,0,0,0,0,,0,,,,0,,,,0,,,,0,,,
SOLVENT,S17,#REF!,0,0,0,0,0,,0,,,,0,,,,0,,,,0,,,
FITTING,U898,#REF!,0,0,0,0,0,,0,,,,0,,,,0,,,,0,,,
PIPE,PU-9,#REF!,0,0,0,0,0,,0,,,,0,,,,0,,,,0,,,
FITTING,UH84,#REF!,0,0,0,0,0,,0,,,,0,,,,0,,,,0,,,
FITTING,UF14,#REF!,0,0,0,0,0,,0,,,,0,,,,0,,,,0,,,
PIPE,PU-7,#REF!,0,0,0,0,0,,0,,,,0,,,,0,,,,0,,,
FITTING,U279N,#REF!,0,0,0,0,0,,0,,,,0,,,,0,,,,0,,,
FITTING,U123,#REF!,0,0,0,0,0,,0,,,,0,,,,0,,,,0,,,
PIPE,PU-1TS,#REF!,0,0,0,0,0,,0,,,,0,,,,0,,,,0,,,
FITTING,U59N,#REF!,0,0,0,0,0,,0,,,,0,,,,0,,,,0,,,
FITTING,UC5,#REF!,0,0,0,0,0,,0,,,,0,,,,0,,,,0,,,
FITTING,UC2,#REF!,0,0,0,0,0,,0,,,,0,,,,0,,,,0,,,
FITTING,U24T,#REF!,0,0,0,0,0,,0,,,,0,,,,0,,,,0,,,
PIPE,PU-10,#REF!,0,0,0,0,0,,0,,,,0,,,,0,,,,0,,,
FITTING,U49N,#REF!,0,0,0,0,0,,0,,,,0,,,,0,,,,0,,,
FITTING,U99,#REF!,0,0,0,0,0,,0,,,,0,,,,0,,,,0,,,
FITTING,U39,#REF!,0,0,0,0,0,,0,,,,0,,,,0,,,,0,,,
PIPE,PU-8S,#REF!,0,0,0,0,0,,0,,,,0,,,,0,,,,0,,,
FITTING,UH84-S,#REF!,0,0,0,0,0,,0,,,,0,,,,0,,,,0,,,
FITTING,UC4,#REF!,0,0,0,0,0,,0,,,,0,,,,0,,,,0,,,
FITTING,U98,#REF!,0,0,0,0,0,,0,,,,0,,,,0,,,,0,,,
FITTING,U122,#REF!,0,0,0,0,0,,0,,,,0,,,,0,,,,0,,,
FITTING,UC13,#REF!,0,0,0,0,0,,0,,,,0,,,,0,,,,0,,,
FITTING,U121,#REF!,0,0,0,0,0,,0,,,,0,,,,0,,,,0,,,
FITTING,U69N,#REF!,0,0,0,0,0,,0,,,,0,,,,0,,,,0,,,
FITTING,UH74,#REF!,0,0,0,0,0,,0,,,,0,,,,0,,,,0,,,
FITTING,UH78,#REF!,0,0,0,0,0,,0,,,,0,,,,0,,,,0,,,
PIPE,PU-5TS,#REF!,0,0,0,0,0,,0,,,,0,,,,0,,,,0,,,
PIPE,PU-9S,#REF!,0,0,0,0,0,,0,,,,0,,,,0,,,,0,,,
PIPE,PU-7S,#REF!,0,0,0,0,0,,0,,,,0,,,,0,,,,0,,,
PIPE,PU-2TS,#REF!,0,0,0,0,0,,0,,,,0,,,,0,,,,0,,,
PIPE,PU-10S,#REF!,0,0,0,0,0,,0,,,,0,,,,0,,,,0,,,
PIPE,PU-19S,#REF!,0,0,0,0,0,,0,,,,0,,,,0,,,,0,,,
PIPE,PU-20S,#REF!,0,0,0,0,0,,0,,,,0,,,,0,,,,0,,,
PIPE,PU-6T,#REF!,0,0,0,0,0,,0,,,,0,,,,0,,,,0,,,
PIPE,PU-3TS,#REF!,0,0,0,0,0,,0,,,,0,,,,0,,,,0,,,
PIPE,PU-4TS,#REF!,0,0,0,0,0,,0,,,,0,,,,0,,,,0,,,
PIPE,PU-6TS,#REF!,0,0,0,0,0,,0,,,,0,,,,0,,,,0,,,
PIPE,PU-20,#REF!,0,0,0,0,0,,0,,,,0,,,,0,,,,0,,,
SOLVENT,S11,#REF!,0,0,0,0,0,,0,,,,0,,,,0,,,,0,,,
FITTING,U124,#REF!,0,0,0,0,0,,0,,,,0,,,,0,,,,0,,,
FITTING,U125,#REF!,0,0,0,0,0,,0,,,,0,,,,0,,,,0,,,
FITTING,U126,#REF!,0,0,0,0,0,,0,,,,0,,,,0,,,,0,,,
FITTING,UH79,#REF!,0,0,0,0,0,,0,,,,0,,,,0,,,,0,,,
FITTING,U97,#REF!,0,0,0,0,0,,0,,,,0,,,,0,,,,0,,,
FITTING,U25T,#REF!,0,0,0,0,0,,0,,,,0,,,,0,,,,0,,,
FITTING,U26T,#REF!,0,0,0,0,0,,0,,,,0,,,,0,,,,0,,,
FITTING,UH79-S,#REF!,0,0,0,0,0,,0,,,,0,,,,0,,,,0,,,
FITTING,U26N,#REF!,0,0,0,0,0,,0,,,,0,,,,0,,,,0,,,
SOLVENT,S12,#REF!,0,0,0,0,0,,0,,,,0,,,,0,,,,0,,,
FITTING,UC21,#REF!,0,0,0,0,0,,0,,,,0,,,,0,,,,0,,,
FITTING,UC22,#REF!,0,0,0,0,0,,0,,,,0,,,,0,,,,0,,,
FITTING,UC23,#REF!,0,0,0,0,0,,0,,,,0,,,,0,,,,0,,,
FITTING,UH82,#REF!,0,0,0,0,0,,0,,,,0,,,,0,,,,0,,,
FITTING,UC12,#REF!,0,0,0,0,0,,0,,,,0,,,,0,,,,0,,,
FITTING,UC15,#REF!,0,0,0,0,0,,0,,,,0,,,,0,,,,0,,,
FITTING,UC11,#REF!,0,0,0,0,0,,0,,,,0,,,,0,,,,0,,,
FITTING,UH80,#REF!,0,0,0,0,0,,0,,,,0,,,,0,,,,0,,,
FITTING,UC14,#REF!,0,0,0,0,0,,0,,,,0,,,,0,,,,0,,,
FITTING,UC16,#REF!,0,0,0,0,0,,0,,,,0,,,,0,,,,0,,,
SOLVENT,S21,#REF!,0,0,0,0,0,,0,,,,0,,,,0,,,,0,,,
SOLVENT,S22,#REF!,0,0,0,0,0,,0,,,,0,,,,0,,,,0,,,
SOLVENT,S23,#REF!,0,0,0,0,0,,0,,,,0,,,,0,,,,0,,,
SOLVENT,S24,#REF!,0,0,0,0,0,,0,,,,0,,,,0,,,,0,,,
SOLVENT,S25,#REF!,0,0,0,0,0,,0,,,,0,,,,0,,,,0,,,
SOLVENT,S26,#REF!,0,0,0,0,0,,0,,,,0,,,,0,,,,0,,,
SOLVENT,S27,#REF!,0,0,0,0,0,,0,,,,0,,,,0,,,,0,,,
,,,,,,,,,,,,,,,,,,,,,,,,
FITTING,U21 TL,#REF!,0,0,0,0,0,,,,,,0,,,,0,,,,0,,,
FITTING,U22 TL,#REF!,0,0,0,0,0,,,,,,0,,,,0,,,,0,,,
FITTING,U23 TL,#REF!,0,0,0,0,0,,,,,,0,,,,0,,,,0,,,
FITTING,U24 TL,#REF!,0,0,0,0,0,,,,,,0,,,,0,,,,0,,,
FITTING,U25 TL,#REF!,0,0,0,0,0,,,,,,0,,,,0,,,,0,,,
FITTING,U26 TL,#REF!,0,0,0,0,0,,,,,,0,,,,0,,,,0,,,
SOLVENT,EWS 15,#REF!,0,0,0,0,0,,,,,,0,,,,0,,,,0,,,
SOLVENT,EWS 13,#REF!,0,0,0,0,0,,,,,,0,,,,0,,,,0,,,
SOLVENT,EWS 14,#REF!,0,0,0,0,0,,,,,,0,,,,0,,,,0,,,
SOLVENT,S34,#REF!,0,0,0,0,0,,,,,,0,,,,0,,,,0,,,
SOLVENT,S35,#REF!,0,0,0,0,0,,,,,,0,,,,0,,,,0,,,
,,,,,,,,,,,,,,,,,,,,,,,,
,,,,,,,,,,,,,,,,,,,,,,,,
,,,,,,,,,,,,,,,,,,,,,,,,
,,,,,,,,,,,,,,,,,,,,,,,,
,,,,,,,,,,,,,,,,,,,,,,,,
,,,,,,,,,,,,,,,,,,,,,,,,
,,,,,,,,,,,,,,,,,,,,,,,,
,,,,,,,,,,,,,,,,,,,,,,,,
,,,,,,,,,,,,,,,,,,,,,,,,
,,,,,,,,,,,,,,,,,,,,,,,,
,,,,,,,,,,,,,,,,,,,,,,,,
,,,,,,,,,,,,,,,,,,,,,,,,
,,,,,,,,,,,,,,,,,,,,,,,,
,,,,,,,,,,,,,,,,,,,,,,,,
,,,,,,,,,,,,,,,,,,,,,,,,
,,,,,,,,,,,,,,,,,,,,,,,,
,,,,,,,,,,,,,,,,,,,,,,,,
,,,,,,,,,,,,,,,,,,,,,,,,
,,,,,,,,,,,,,,,,,,,,,,,,
,,,,,,,,,,,,,,,,,,,,,,,,
,,,,,,,,,,,,,,,,,,,,,,,,
,,,,,,,,,,,,,,,,,,,,,,,,
,,,,,,,,,,,,,,,,,,,,,,,,
,,,,,,,,,,,,,,,,,,,,,,,,
,,,,,,,,,,,,,,,,,,,,,,,,
,,,,,,,,,,,,,,,,,,,,,,,,
,,,,,,,,,,,,,,,,,,,,,,,,
,,,,,,,,,,,,,,,,,,,,,,,,
,,,,,,,,,,,,,,,,,,,,,,,,
,,,,,,,,,,,,,,,,,,,,,,,,
,,,,,,,,,,,,,,,,,,,,,,,,
,,,,,,,,,,,,,,,,,,,,,,,,
,,,,,,,,,,,,,,,,,,,,,,,,
,,,,,,,,,,,,,,,,,,,,,,,,
,,,,,,,,,,,,,,,,,,,,,,,,
,,,,,,,,,,,,,,,,,,,,,,,,
,,,,,,,,,,,,,,,,,,,,,,,,
,,,,,,,,,,,,,,,,,,,,,,,,
,,,,,,,,,,,,,,,,,,,,,,,,
,,,,,,,,,,,,,,,,,,,,,,,,
,,,,,,,,,,,,,,,,,,,,,,,,
,,,,,,,,,,,,,,,,,,,,,,,,
,,,,,,,,,,,,,,,,,,,,,,,,
,,,,,,,,,,,,,,,,,,,,,,,,
,,,,,,,,,,,,,,,,,,,,,,,,
,,,,,,,,,,,,,,,,,,,,,,,,
,,,,,,,,,,,,,,,,,,,,,,,,
,,,,,,,,,,,,,,,,,,,,,,,,
,,,,,,,,,,,,,,,,,,,,,,,,
,,,,,,,,,,,,,,,,,,,,,,,,
,,,,,,,,,,,,,,,,,,,,,,,,
,,,,,,,,,,,,,,,,,,,,,,,,
,,,,,,,,,,,,,,,,,,,,,,,,
,,,,,,,,,,,,,,,,,,,,,,,,
,,,,,,,,,,,,,,,,,,,,,,,,
,,,,,,,,,,,,,,,,,,,,,,,,
,,,,,,,,,,,,,,,,,,,,,,,,
,,,,,,,,,,,,,,,,,,,,,,,,
,,,,,,,,,,,,,,,,,,,,,,,,
,,,,,,,,,,,,,,,,,,,,,,,,
,,,,,,,,,,,,,,,,,,,,,,,,
,,,,,,,,,,,,,,,,,,,,,,,,
,,,,,,,,,,,,,,,,,,,,,,,,
,,,,,,,,,,,,,,,,,,,,,,,,
,,,,,,,,,,,,,,,,,,,,,,,,
,,,,,,,,,,,,,,,,,,,,,,,,
,,,,,,,,,,,,,,,,,,,,,,,,
,,,,,,,,,,,,,,,,,,,,,,,,
,,,,,,,,,,,,,,,,,,,,,,,,
,,,,,,,,,,,,,,,,,,,,,,,,
,,,,,,,,,,,,,,,,,,,,,,,,
,,,,,,,,,,,,,,,,,,,,,,,,
,,,,,,,,,,,,,,,,,,,,,,,,
,,,,,,,,,,,,,,,,,,,,,,,,
,,,,,,,,,,,,,,,,,,,,,,,,
,,,,,,,,,,,,,,,,,,,,,,,,
,,,,,,,,,,,,,,,,,,,,,,,,
,,,,,,,,,,,,,,,,,,,,,,,,
,,,,,,,,,,,,,,,,,,,,,,,,
,,,,,,,,,,,,,,,,,,,,,,,,
,,,,,,,,,,,,,,,,,,,,,,,,
,,,,,,,,,,,,,,,,,,,,,,,,
,,,,,,,,,,,,,,,,,,,,,,,,
,,,,,,,,,,,,,,,,,,,,,,,,
,,,,,,,,,,,,,,,,,,,,,,,,
,,,,,,,,,,,,,,,,,,,,,,,,
,,,,,,,,,,,,,,,,,,,,,,,,
,,,,,,,,,,,,,,,,,,,,,,,,
,,,,,,,,,,,,,,,,,,,,,,,,
,,,,,,,,,,,,,,,,,,,,,,,,
,,,,,,,,,,,,,,,,,,,,,,,,
,,,,,,,,,,,,,,,,,,,,,,,,
,,,,,,,,,,,,,,,,,,,,,,,,
,,,,,,,,,,,,,,,,,,,,,,,,
,,,,,,,,,,,,,,,,,,,,,,,,
,,,,,,,,,,,,,,,,,,,,,,,,
,,,,,,,,,,,,,,,,,,,,,,,,
,,,,,,,,,,,,,,,,,,,,,,,,
,,,,,,,,,,,,,,,,,,,,,,,,
,,,,,,,,,,,,,,,,,,,,,,,,
,,,,,,,,,,,,,,,,,,,,,,,,
,,,,,,,,,,,,,,,,,,,,,,,,
,,,,,,,,,,,,,,,,,,,,,,,,
,,,,,,,,,,,,,,,,,,,,,,,,
,,,,,,,,,,,,,,,,,,,,,,,,
,,,,,,,,,,,,,,,,,,,,,,,,
,,,,,,,,,,,,,,,,,,,,,,,,
,,,,,,,,,,,,,,,,,,,,,,,,
,,,,,,,,,,,,,,,,,,,,,,,,
,,,,,,,,,,,,,,,,,,,,,,,,
,,,,,,,,,,,,,,,,,,,,,,,,
,,,,,,,,,,,,,,,,,,,,,,,,
,,,,,,,,,,,,,,,,,,,,,,,,
,,,,,,,,,,,,,,,,,,,,,,,,
,,,,,,,,,,,,,,,,,,,,,,,,
,,,,,,,,,,,,,,,,,,,,,,,,
,,,,,,,,,,,,,,,,,,,,,,,,
,,,,,,,,,,,,,,,,,,,,,,,,
,,,,,,,,,,,,,,,,,,,,,,,,
,,,,,,,,,,,,,,,,,,,,,,,,
,,,,,,,,,,,,,,,,,,,,,,,,
,,,,,,,,,,,,,,,,,,,,,,,,
,,,,,,,,,,,,,,,,,,,,,,,,
,,,,,,,,,,,,,,,,,,,,,,,,
,,,,,,,,,,,,,,,,,,,,,,,,
,,,,,,,,,,,,,,,,,,,,,,,,
,,,,,,,,,,,,,,,,,,,,,,,,
,,,,,,,,,,,,,,,,,,,,,,,,
,,,,,,,,,,,,,,,,,,,,,,,,
,,,,,,,,,,,,,,,,,,,,,,,,
,,,,,,,,,,,,,,,,,,,,,,,,
,,,,,,,,,,,,,,,,,,,,,,,,
,,,,,,,,,,,,,,,,,,,,,,,,
,,,,,,,,,,,,,,,,,,,,,,,,
,,,,,,,,,,,,,,,,,,,,,,,,
,,,,,,,,,,,,,,,,,,,,,,,,
,,,,,,,,,,,,,,,,,,,,,,,,
,,,,,,,,,,,,,,,,,,,,,,,,
,,,,,,,,,,,,,,,,,,,,,,,,
,,,,,,,,,,,,,,,,,,,,,,,,
,,,,,,,,,,,,,,,,,,,,,,,,
,,,,,,,,,,,,,,,,,,,,,,,,
,,,,,,,,,,,,,,,,,,,,,,,,
,,,,,,,,,,,,,,,,,,,,,,,,
,,,,,,,,,,,,,,,,,,,,,,,,
,,,,,,,,,,,,,,,,,,,,,,,,
,,,,,,,,,,,,,,,,,,,,,,,,
,,,,,,,,,,,,,,,,,,,,,,,,
,,,,,,,,,,,,,,,,,,,,,,,,
,,,,,,,,,,,,,,,,,,,,,,,,
,,,,,,,,,,,,,,,,,,,,,,,,
,,,,,,,,,,,,,,,,,,,,,,,,
,,,,,,,,,,,,,,,,,,,,,,,,
,,,,,,,,,,,,,,,,,,,,,,,,
,,,,,,,,,,,,,,,,,,,,,,,,
,,,,,,,,,,,,,,,,,,,,,,,,
,,,,,,,,,,,,,,,,,,,,,,,,
,,,,,,,,,,,,,,,,,,,,,,,,
,,,,,,,,,,,,,,,,,,,,,,,,
,,,,,,,,,,,,,,,,,,,,,,,,
,,,,,,,,,,,,,,,,,,,,,,,,
,,,,,,,,,,,,,,,,,,,,,,,,
,,,,,,,,,,,,,,,,,,,,,,,,
,,,,,,,,,,,,,,,,,,,,,,,,
,,,,,,,,,,,,,,,,,,,,,,,,
,,,,,,,,,,,,,,,,,,,,,,,,
,,,,,,,,,,,,,,,,,,,,,,,,
,,,,,,,,,,,,,,,,,,,,,,,,
,,,,,,,,,,,,,,,,,,,,,,,,
,,,,,,,,,,,,,,,,,,,,,,,,
,,,,,,,,,,,,,,,,,,,,,,,,
,,,,,,,,,,,,,,,,,,,,,,,,
,,,,,,,,,,,,,,,,,,,,,,,,
,,,,,,,,,,,,,,,,,,,,,,,,
,,,,,,,,,,,,,,,,,,,,,,,,
,,,,,,,,,,,,,,,,,,,,,,,,
,,,,,,,,,,,,,,,,,,,,,,,,
,,,,,,,,,,,,,,,,,,,,,,,,
,,,,,,,,,,,,,,,,,,,,,,,,
,,,,,,,,,,,,,,,,,,,,,,,,
,,,,,,,,,,,,,,,,,,,,,,,,
,,,,,,,,,,,,,,,,,,,,,,,,
,,,,,,,,,,,,,,,,,,,,,,,,
,,,,,,,,,,,,,,,,,,,,,,,,
,,,,,,,,,,,,,,,,,,,,,,,,
,,,,,,,,,,,,,,,,,,,,,,,,
,,,,,,,,,,,,,,,,,,,,,,,,
,,,,,,,,,,,,,,,,,,,,,,,,
,,,,,,,,,,,,,,,,,,,,,,,,
,,,,,,,,,,,,,,,,,,,,,,,,
,,,,,,,,,,,,,,,,,,,,,,,,
,,,,,,,,,,,,,,,,,,,,,,,,
,,,,,,,,,,,,,,,,,,,,,,,,
,,,,,,,,,,,,,,,,,,,,,,,,
,,,,,,,,,,,,,,,,,,,,,,,,
,,,,,,,,,,,,,,,,,,,,,,,,
,,,,,,,,,,,,,,,,,,,,,,,,
,,,,,,,,,,,,,,,,,,,,,,,,
,,,,,,,,,,,,,,,,,,,,,,,,
,,,,,,,,,,,,,,,,,,,,,,,,
,,,,,,,,,,,,,,,,,,,,,,,,
,,,,,,,,,,,,,,,,,,,,,,,,
,,,,,,,,,,,,,,,,,,,,,,,,
,,,,,,,,,,,,,,,,,,,,,,,,
,,,,,,,,,,,,,,,,,,,,,,,,
,,,,,,,,,,,,,,,,,,,,,,,,
,,,,,,,,,,,,,,,,,,,,,,,,
,,,,,,,,,,,,,,,,,,,,,,,,
,,,,,,,,,,,,,,,,,,,,,,,,
,,,,,,,,,,,,,,,,,,,,,,,,
,,,,,,,,,,,,,,,,,,,,,,,,
,,,,,,,,,,,,,,,,,,,,,,,,
,,,,,,,,,,,,,,,,,,,,,,,,
,,,,,,,,,,,,,,,,,,,,,,,,
,,,,,,,,,,,,,,,,,,,,,,,,
,,,,,,,,,,,,,,,,,,,,,,,,
,,,,,,,,,,,,,,,,,,,,,,,,
,,,,,,,,,,,,,,,,,,,,,,,,
,,,,,,,,,,,,,,,,,,,,,,,,
,,,,,,,,,,,,,,,,,,,,,,,,
,,,,,,,,,,,,,,,,,,,,,,,,
,,,,,,,,,,,,,,,,,,,,,,,,
,,,,,,,,,,,,,,,,,,,,,,,,
,,,,,,,,,,,,,,,,,,,,,,,,
,,,,,,,,,,,,,,,,,,,,,,,,
,,,,,,,,,,,,,,,,,,,,,,,,
,,,,,,,,,,,,,,,,,,,,,,,,
,,,,,,,,,,,,,,,,,,,,,,,,
,,,,,,,,,,,,,,,,,,,,,,,,
,,,,,,,,,,,,,,,,,,,,,,,,
,,,,,,,,,,,,,,,,,,,,,,,,
,,,,,,,,,,,,,,,,,,,,,,,,
,,,,,,,,,,,,,,,,,,,,,,,,
,,,,,,,,,,,,,,,,,,,,,,,,
,,,,,,,,,,,,,,,,,,,,,,,,
,,,,,,,,,,,,,,,,,,,,,,,,
,,,,,,,,,,,,,,,,,,,,,,,,
,,,,,,,,,,,,,,,,,,,,,,,,
,,,,,,,,,,,,,,,,,,,,,,,,
,,,,,,,,,,,,,,,,,,,,,,,,
,,,,,,,,,,,,,,,,,,,,,,,,
,,,,,,,,,,,,,,,,,,,,,,,,
,,,,,,,,,,,,,,,,,,,,,,,,
,,,,,,,,,,,,,,,,,,,,,,,,
,,,,,,,,,,,,,,,,,,,,,,,,
,,,,,,,,,,,,,,,,,,,,,,,,
,,,,,,,,,,,,,,,,,,,,,,,,
,,,,,,,,,,,,,,,,,,,,,,,,
,,,,,,,,,,,,,,,,,,,,,,,,
,,,,,,,,,,,,,,,,,,,,,,,,
,,,,,,,,,,,,,,,,,,,,,,,,
,,,,,,,,,,,,,,,,,,,,,,,,
,,,,,,,,,,,,,,,,,,,,,,,,
,,,,,,,,,,,,,,,,,,,,,,,,
,,,,,,,,,,,,,,,,,,,,,,,,
,,,,,,,,,,,,,,,,,,,,,,,,
,,,,,,,,,,,,,,,,,,,,,,,,
,,,,,,,,,,,,,,,,,,,,,,,,
,,,,,,,,,,,,,,,,,,,,,,,,
,,,,,,,,,,,,,,,,,,,,,,,,
,,,,,,,,,,,,,,,,,,,,,,,,
,,,,,,,,,,,,,,,,,,,,,,,,
,,,,,,,,,,,,,,,,,,,,,,,,
,,,,,,,,,,,,,,,,,,,,,,,,
,,,,,,,,,,,,,,,,,,,,,,,,
,,,,,,,,,,,,,,,,,,,,,,,,
,,,,,,,,,,,,,,,,,,,,,,,,
,,,,,,,,,,,,,,,,,,,,,,,,
,,,,,,,,,,,,,,,,,,,,,,,,
,,,,,,,,,,,,,,,,,,,,,,,,
,,,,,,,,,,,,,,,,,,,,,,,,
,,,,,,,,,,,,,,,,,,,,,,,,
,,,,,,,,,,,,,,,,,,,,,,,,
,,,,,,,,,,,,,,,,,,,,,,,,
,,,,,,,,,,,,,,,,,,,,,,,,
,,,,,,,,,,,,,,,,,,,,,,,,
,,,,,,,,,,,,,,,,,,,,,,,,
,,,,,,,,,,,,,,,,,,,,,,,,
,,,,,,,,,,,,,,,,,,,,,,,,
,,,,,,,,,,,,,,,,,,,,,,,,
,,,,,,,,,,,,,,,,,,,,,,,,
,,,,,,,,,,,,,,,,,,,,,,,,
,,,,,,,,,,,,,,,,,,,,,,,,
,,,,,,,,,,,,,,,,,,,,,,,,
,,,,,,,,,,,,,,,,,,,,,,,,
,,,,,,,,,,,,,,,,,,,,,,,,
,,,,,,,,,,,,,,,,,,,,,,,,
,,,,,,,,,,,,,,,,,,,,,,,,
,,,,,,,,,,,,,,,,,,,,,,,,
,,,,,,,,,,,,,,,,,,,,,,,,
,,,,,,,,,,,,,,,,,,,,,,,,
,,,,,,,,,,,,,,,,,,,,,,,,
,,,,,,,,,,,,,,,,,,,,,,,,
,,,,,,,,,,,,,,,,,,,,,,,,
,,,,,,,,,,,,,,,,,,,,,,,,
,,,,,,,,,,,,,,,,,,,,,,,,
,,,,,,,,,,,,,,,,,,,,,,,,
,,,,,,,,,,,,,,,,,,,,,,,,
,,,,,,,,,,,,,,,,,,,,,,,,
,,,,,,,,,,,,,,,,,,,,,,,,
,,,,,,,,,,,,,,,,,,,,,,,,
,,,,,,,,,,,,,,,,,,,,,,,,
,,,,,,,,,,,,,,,,,,,,,,,,
,,,,,,,,,,,,,,,,,,,,,,,,
,,,,,,,,,,,,,,,,,,,,,,,,
,,,,,,,,,,,,,,,,,,,,,,,,
,,,,,,,,,,,,,,,,,,,,,,,,
,,,,,,,,,,,,,,,,,,,,,,,,
,,,,,,,,,,,,,,,,,,,,,,,,
,,,,,,,,,,,,,,,,,,,,,,,,
,,,,,,,,,,,,,,,,,,,,,,,,
,,,,,,,,,,,,,,,,,,,,,,,,
,,,,,,,,,,,,,,,,,,,,,,,,
,,,,,,,,,,,,,,,,,,,,,,,,
,,,,,,,,,,,,,,,,,,,,,,,,
,,,,,,,,,,,,,,,,,,,,,,,,
,,,,,,,,,,,,,,,,,,,,,,,,
,,,,,,,,,,,,,,,,,,,,,,,,
,,,,,,,,,,,,,,,,,,,,,,,,
,,,,,,,,,,,,,,,,,,,,,,,,
,,,,,,,,,,,,,,,,,,,,,,,,
,,,,,,,,,,,,,,,,,,,,,,,,
,,,,,,,,,,,,,,,,,,,,,,,,
,,,,,,,,,,,,,,,,,,,,,,,,
,,,,,,,,,,,,,,,,,,,,,,,,
,,,,,,,,,,,,,,,,,,,,,,,,
,,,,,,,,,,,,,,,,,,,,,,,,
,,,,,,,,,,,,,,,,,,,,,,,,
,,,,,,,,,,,,,,,,,,,,,,,,
,,,,,,,,,,,,,,,,,,,,,,,,
,,,,,,,,,,,,,,,,,,,,,,,,
,,,,,,,,,,,,,,,,,,,,,,,,
,,,,,,,,,,,,,,,,,,,,,,,,
,,,,,,,,,,,,,,,,,,,,,,,,
,,,,,,,,,,,,,,,,,,,,,,,,
,,,,,,,,,,,,,,,,,,,,,,,,
,,,,,,,,,,,,,,,,,,,,,,,,
,,,,,,,,,,,,,,,,,,,,,,,,
,,,,,,,,,,,,,,,,,,,,,,,,
,,,,,,,,,,,,,,,,,,,,,,,,
,,,,,,,,,,,,,,,,,,,,,,,,
,,,,,,,,,,,,,,,,,,,,,,,,
,,,,,,,,,,,,,,,,,,,,,,,,
,,,,,,,,,,,,,,,,,,,,,,,,
,,,,,,,,,,,,,,,,,,,,,,,,
,,,,,,,,,,,,,,,,,,,,,,,,
,,,,,,,,,,,,,,,,,,,,,,,,
,,,,,,,,,,,,,,,,,,,,,,,,
,,,,,,,,,,,,,,,,,,,,,,,,
,,,,,,,,,,,,,,,,,,,,,,,,
,,,,,,,,,,,,,,,,,,,,,,,,
,,,,,,,,,,,,,,,,,,,,,,,,
,,,,,,,,,,,,,,,,,,,,,,,,
,,,,,,,,,,,,,,,,,,,,,,,,
,,,,,,,,,,,,,,,,,,,,,,,,
,,,,,,,,,,,,,,,,,,,,,,,,
,,,,,,,,,,,,,,,,,,,,,,,,
,,,,,,,,,,,,,,,,,,,,,,,,
,,,,,,,,,,,,,,,,,,,,,,,,
,,,,,,,,,,,,,,,,,,,,,,,,
,,,,,,,,,,,,,,,,,,,,,,,,
,,,,,,,,,,,,,,,,,,,,,,,,
,,,,,,,,,,,,,,,,,,,,,,,,
,,,,,,,,,,,,,,,,,,,,,,,,
,,,,,,,,,,,,,,,,,,,,,,,,
,,,,,,,,,,,,,,,,,,,,,,,,
,,,,,,,,,,,,,,,,,,,,,,,,
,,,,,,,,,,,,,,,,,,,,,,,,
,,,,,,,,,,,,,,,,,,,,,,,,
,,,,,,,,,,,,,,,,,,,,,,,,
,,,,,,,,,,,,,,,,,,,,,,,,
,,,,,,,,,,,,,,,,,,,,,,,,
,,,,,,,,,,,,,,,,,,,,,,,,
,,,,,,,,,,,,,,,,,,,,,,,,
,,,,,,,,,,,,,,,,,,,,,,,,
,,,,,,,,,,,,,,,,,,,,,,,,
,,,,,,,,,,,,,,,,,,,,,,,,
,,,,,,,,,,,,,,,,,,,,,,,,
,,,,,,,,,,,,,,,,,,,,,,,,
,,,,,,,,,,,,,,,,,,,,,,,,
,,,,,,,,,,,,,,,,,,,,,,,,
,,,,,,,,,,,,,,,,,,,,,,,,
,,,,,,,,,,,,,,,,,,,,,,,,
,,,,,,,,,,,,,,,,,,,,,,,,
,,,,,,,,,,,,,,,,,,,,,,,,
,,,,,,,,,,,,,,,,,,,,,,,,
,,,,,,,,,,,,,,,,,,,,,,,,
,,,,,,,,,,,,,,,,,,,,,,,,
,,,,,,,,,,,,,,,,,,,,,,,,
,,,,,,,,,,,,,,,,,,,,,,,,
,,,,,,,,,,,,,,,,,,,,,,,,
,,,,,,,,,,,,,,,,,,,,,,,,
,,,,,,,,,,,,,,,,,,,,,,,,
,,,,,,,,,,,,,,,,,,,,,,,,
,,,,,,,,,,,,,,,,,,,,,,,,
,,,,,,,,,,,,,,,,,,,,,,,,
,,,,,,,,,,,,,,,,,,,,,,,,
,,,,,,,,,,,,,,,,,,,,,,,,
,,,,,,,,,,,,,,,,,,,,,,,,
,,,,,,,,,,,,,,,,,,,,,,,,
,,,,,,,,,,,,,,,,,,,,,,,,
,,,,,,,,,,,,,,,,,,,,,,,,
,,,,,,,,,,,,,,,,,,,,,,,,
,,,,,,,,,,,,,,,,,,,,,,,,
,,,,,,,,,,,,,,,,,,,,,,,,
,,,,,,,,,,,,,,,,,,,,,,,,
,,,,,,,,,,,,,,,,,,,,,,,,
,,,,,,,,,,,,,,,,,,,,,,,,
,,,,,,,,,,,,,,,,,,,,,,,,
,,,,,,,,,,,,,,,,,,,,,,,,
,,,,,,,,,,,,,,,,,,,,,,,,
,,,,,,,,,,,,,,,,,,,,,,,,
,,,,,,,,,,,,,,,,,,,,,,,,
,,,,,,,,,,,,,,,,,,,,,,,,
,,,,,,,,,,,,,,,,,,,,,,,,
,,,,,,,,,,,,,,,,,,,,,,,,
,,,,,,,,,,,,,,,,,,,,,,,,
,,,,,,,,,,,,,,,,,,,,,,,,
,,,,,,,,,,,,,,,,,,,,,,,,
,,,,,,,,,,,,,,,,,,,,,,,,
,,,,,,,,,,,,,,,,,,,,,,,,
,,,,,,,,,,,,,,,,,,,,,,,,
,,,,,,,,,,,,,,,,,,,,,,,,
,,,,,,,,,,,,,,,,,,,,,,,,
,,,,,,,,,,,,,,,,,,,,,,,,
,,,,,,,,,,,,,,,,,,,,,,,,
,,,,,,,,,,,,,,,,,,,,,,,,
,,,,,,,,,,,,,,,,,,,,,,,,
,,,,,,,,,,,,,,,,,,,,,,,,
,,,,,,,,,,,,,,,,,,,,,,,,
,,,,,,,,,,,,,,,,,,,,,,,,
,,,,,,,,,,,,,,,,,,,,,,,,
,,,,,,,,,,,,,,,,,,,,,,,,
,,,,,,,,,,,,,,,,,,,,,,,,
,,,,,,,,,,,,,,,,,,,,,,,,
,,,,,,,,,,,,,,,,,,,,,,,,
,,,,,,,,,,,,,,,,,,,,,,,,
,,,,,,,,,,,,,,,,,,,,,,,,
,,,,,,,,,,,,,,,,,,,,,,,,
,,,,,,,,,,,,,,,,,,,,,,,,
,,,,,,,,,,,,,,,,,,,,,,,,
,,,,,,,,,,,,,,,,,,,,,,,,
,,,,,,,,,,,,,,,,,,,,,,,,
,,,,,,,,,,,,,,,,,,,,,,,,
,,,,,,,,,,,,,,,,,,,,,,,,
,,,,,,,,,,,,,,,,,,,,,,,,
,,,,,,,,,,,,,,,,,,,,,,,,
,,,,,,,,,,,,,,,,,,,,,,,,
,,,,,,,,,,,,,,,,,,,,,,,,
,,,,,,,,,,,,,,,,,,,,,,,,
,,,,,,,,,,,,,,,,,,,,,,,,
,,,,,,,,,,,,,,,,,,,,,,,,
,,,,,,,,,,,,,,,,,,,,,,,,
,,,,,,,,,,,,,,,,,,,,,,,,
,,,,,,,,,,,,,,,,,,,,,,,,
,,,,,,,,,,,,,,,,,,,,,,,,
,,,,,,,,,,,,,,,,,,,,,,,,
,,,,,,,,,,,,,,,,,,,,,,,,
,,,,,,,,,,,,,,,,,,,,,,,,
,,,,,,,,,,,,,,,,,,,,,,,,
,,,,,,,,,,,,,,,,,,,,,,,,
,,,,,,,,,,,,,,,,,,,,,,,,
,,,,,,,,,,,,,,,,,,,,,,,,
,,,,,,,,,,,,,,,,,,,,,,,,
,,,,,,,,,,,,,,,,,,,,,,,,
,,,,,,,,,,,,,,,,,,,,,,,,
,,,,,,,,,,,,,,,,,,,,,,,,
,,,,,,,,,,,,,,,,,,,,,,,,
,,,,,,,,,,,,,,,,,,,,,,,,
,,,,,,,,,,,,,,,,,,,,,,,,
,,,,,,,,,,,,,,,,,,,,,,,,
,,,,,,,,,,,,,,,,,,,,,,,,
,,,,,,,,,,,,,,,,,,,,,,,,
,,,,,,,,,,,,,,,,,,,,,,,,
,,,,,,,,,,,,,,,,,,,,,,,,
,,,,,,,,,,,,,,,,,,,,,,,,
,,,,,,,,,,,,,,,,,,,,,,,,
,,,,,,,,,,,,,,,,,,,,,,,,
,,,,,,,,,,,,,,,,,,,,,,,,
,,,,,,,,,,,,,,,,,,,,,,,,
,,,,,,,,,,,,,,,,,,,,,,,,
,,,,,,,,,,,,,,,,,,,,,,,,
,,,,,,,,,,,,,,,,,,,,,,,,
,,,,,,,,,,,,,,,,,,,,,,,,
,,,,,,,,,,,,,,,,,,,,,,,,
,,,,,,,,,,,,,,,,,,,,,,,,
,,,,,,,,,,,,,,,,,,,,,,,,
,,,,,,,,,,,,,,,,,,,,,,,,
,,,,,,,,,,,,,,,,,,,,,,,,
,,,,,,,,,,,,,,,,,,,,,,,,
,,,,,,,,,,,,,,,,,,,,,,,,
,,,,,,,,,,,,,,,,,,,,,,,,
,,,,,,,,,,,,,,,,,,,,,,,,
,,,,,,,,,,,,,,,,,,,,,,,,
,,,,,,,,,,,,,,,,,,,,,,,,
,,,,,,,,,,,,,,,,,,,,,,,,
,,,,,,,,,,,,,,,,,,,,,,,,
,,,,,,,,,,,,,,,,,,,,,,,,
,,,,,,,,,,,,,,,,,,,,,,,,
,,,,,,,,,,,,,,,,,,,,,,,,
,,,,,,,,,,,,,,,,,,,,,,,,
,,,,,,,,,,,,,,,,,,,,,,,,
,,,,,,,,,,,,,,,,,,,,,,,,
,,,,,,,,,,,,,,,,,,,,,,,,
,,,,,,,,,,,,,,,,,,,,,,,,
,,,,,,,,,,,,,,,,,,,,,,,,
,,,,,,,,,,,,,,,,,,,,,,,,
,,,,,,,,,,,,,,,,,,,,,,,,
,,,,,,,,,,,,,,,,,,,,,,,,
,,,,,,,,,,,,,,,,,,,,,,,,
,,,,,,,,,,,,,,,,,,,,,,,,
,,,,,,,,,,,,,,,,,,,,,,,,
,,,,,,,,,,,,,,,,,,,,,,,,
,,,,,,,,,,,,,,,,,,,,,,,,
,,,,,,,,,,,,,,,,,,,,,,,,
,,,,,,,,,,,,,,,,,,,,,,,,
,,,,,,,,,,,,,,,,,,,,,,,,
,,,,,,,,,,,,,,,,,,,,,,,,
,,,,,,,,,,,,,,,,,,,,,,,,
,,,,,,,,,,,,,,,,,,,,,,,,
,,,,,,,,,,,,,,,,,,,,,,,,
,,,,,,,,,,,,,,,,,,,,,,,,
,,,,,,,,,,,,,,,,,,,,,,,,
,,,,,,,,,,,,,,,,,,,,,,,,
,,,,,,,,,,,,,,,,,,,,,,,,
,,,,,,,,,,,,,,,,,,,,,,,,
,,,,,,,,,,,,,,,,,,,,,,,,
,,,,,,,,,,,,,,,,,,,,,,,,
,,,,,,,,,,,,,,,,,,,,,,,,
,,,,,,,,,,,,,,,,,,,,,,,,
,,,,,,,,,,,,,,,,,,,,,,,,
,,,,,,,,,,,,,,,,,,,,,,,,
,,,,,,,,,,,,,,,,,,,,,,,,
,,,,,,,,,,,,,,,,,,,,,,,,
,,,,,,,,,,,,,,,,,,,,,,,,
,,,,,,,,,,,,,,,,,,,,,,,,
,,,,,,,,,,,,,,,,,,,,,,,,
,,,,,,,,,,,,,,,,,,,,,,,,
,,,,,,,,,,,,,,,,,,,,,,,,
,,,,,,,,,,,,,,,,,,,,,,,,
,,,,,,,,,,,,,,,,,,,,,,,,
,,,,,,,,,,,,,,,,,,,,,,,,
,,,,,,,,,,,,,,,,,,,,,,,,
,,,,,,,,,,,,,,,,,,,,,,,,
,,,,,,,,,,,,,,,,,,,,,,,,
,,,,,,,,,,,,,,,,,,,,,,,,
,,,,,,,,,,,,,,,,,,,,,,,,
,,,,,,,,,,,,,,,,,,,,,,,,
,,,,,,,,,,,,,,,,,,,,,,,,
,,,,,,,,,,,,,,,,,,,,,,,,
,,,,,,,,,,,,,,,,,,,,,,,,
,,,,,,,,,,,,,,,,,,,,,,,,
,,,,,,,,,,,,,,,,,,,,,,,,
,,,,,,,,,,,,,,,,,,,,,,,,
,,,,,,,,,,,,,,,,,,,,,,,,
,,,,,,,,,,,,,,,,,,,,,,,,
,,,,,,,,,,,,,,,,,,,,,,,,
,,,,,,,,,,,,,,,,,,,,,,,,
,,,,,,,,,,,,,,,,,,,,,,,,
,,,,,,,,,,,,,,,,,,,,,,,,
,,,,,,,,,,,,,,,,,,,,,,,,
,,,,,,,,,,,,,,,,,,,,,,,,
,,,,,,,,,,,,,,,,,,,,,,,,
,,,,,,,,,,,,,,,,,,,,,,,,
,,,,,,,,,,,,,,,,,,,,,,,,
,,,,,,,,,,,,,,,,,,,,,,,,
,,,,,,,,,,,,,,,,,,,,,,,,
,,,,,,,,,,,,,,,,,,,,,,,,
,,,,,,,,,,,,,,,,,,,,,,,,
,,,,,,,,,,,,,,,,,,,,,,,,
,,,,,,,,,,,,,,,,,,,,,,,,
,,,,,,,,,,,,,,,,,,,,,,,,
,,,,,,,,,,,,,,,,,,,,,,,,
,,,,,,,,,,,,,,,,,,,,,,,,
,,,,,,,,,,,,,,,,,,,,,,,,
,,,,,,,,,,,,,,,,,,,,,,,,
,,,,,,,,,,,,,,,,,,,,,,,,
,,,,,,,,,,,,,,,,,,,,,,,,
,,,,,,,,,,,,,,,,,,,,,,,,
,,,,,,,,,,,,,,,,,,,,,,,,
,,,,,,,,,,,,,,,,,,,,,,,,
,,,,,,,,,,,,,,,,,,,,,,,,
,,,,,,,,,,,,,,,,,,,,,,,,
,,,,,,,,,,,,,,,,,,,,,,,,
,,,,,,,,,,,,,,,,,,,,,,,,
,,,,,,,,,,,,,,,,,,,,,,,,
,,,,,,,,,,,,,,,,,,,,,,,,
,,,,,,,,,,,,,,,,,,,,,,,,
,,,,,,,,,,,,,,,,,,,,,,,,
,,,,,,,,,,,,,,,,,,,,,,,,
,,,,,,,,,,,,,,,,,,,,,,,,
,,,,,,,,,,,,,,,,,,,,,,,,
,,,,,,,,,,,,,,,,,,,,,,,,
,,,,,,,,,,,,,,,,,,,,,,,,
,,,,,,,,,,,,,,,,,,,,,,,,
,,,,,,,,,,,,,,,,,,,,,,,,
,,,,,,,,,,,,,,,,,,,,,,,,
,,,,,,,,,,,,,,,,,,,,,,,,
,,,,,,,,,,,,,,,,,,,,,,,,
,,,,,,,,,,,,,,,,,,,,,,,,
,,,,,,,,,,,,,,,,,,,,,,,,
,,,,,,,,,,,,,,,,,,,,,,,,
,,,,,,,,,,,,,,,,,,,,,,,,
,,,,,,,,,,,,,,,,,,,,,,,,
,,,,,,,,,,,,,,,,,,,,,,,,
,,,,,,,,,,,,,,,,,,,,,,,,
,,,,,,,,,,,,,,,,,,,,,,,,
,,,,,,,,,,,,,,,,,,,,,,,,
,,,,,,,,,,,,,,,,,,,,,,,,
,,,,,,,,,,,,,,,,,,,,,,,,
,,,,,,,,,,,,,,,,,,,,,,,,
,,,,,,,,,,,,,,,,,,,,,,,,
,,,,,,,,,,,,,,,,,,,,,,,,
,,,,,,,,,,,,,,,,,,,,,,,,
,,,,,,,,,,,,,,,,,,,,,,,,
,,,,,,,,,,,,,,,,,,,,,,,,
,,,,,,,,,,,,,,,,,,,,,,,,
,,,,,,,,,,,,,,,,,,,,,,,,
,,,,,,,,,,,,,,,,,,,,,,,,
,,,,,,,,,,,,,,,,,,,,,,,,
,,,,,,,,,,,,,,,,,,,,,,,,
,,,,,,,,,,,,,,,,,,,,,,,,
,,,,,,,,,,,,,,,,,,,,,,,,
,,,,,,,,,,,,,,,,,,,,,,,,
,,,,,,,,,,,,,,,,,,,,,,,,
,,,,,,,,,,,,,,,,,,,,,,,,
,,,,,,,,,,,,,,,,,,,,,,,,
,,,,,,,,,,,,,,,,,,,,,,,,
,,,,,,,,,,,,,,,,,,,,,,,,
,,,,,,,,,,,,,,,,,,,,,,,,
,,,,,,,,,,,,,,,,,,,,,,,,
,,,,,,,,,,,,,,,,,,,,,,,,
,,,,,,,,,,,,,,,,,,,,,,,,
,,,,,,,,,,,,,,,,,,,,,,,,
,,,,,,,,,,,,,,,,,,,,,,,,
,,,,,,,,,,,,,,,,,,,,,,,,
,,,,,,,,,,,,,,,,,,,,,,,,
,,,,,,,,,,,,,,,,,,,,,,,,
,,,,,,,,,,,,,,,,,,,,,,,,
,,,,,,,,,,,,,,,,,,,,,,,,
,,,,,,,,,,,,,,,,,,,,,,,,
,,,,,,,,,,,,,,,,,,,,,,,,
,,,,,,,,,,,,,,,,,,,,,,,,
,,,,,,,,,,,,,,,,,,,,,,,,
,,,,,,,,,,,,,,,,,,,,,,,,
,,,,,,,,,,,,,,,,,,,,,,,,
,,,,,,,,,,,,,,,,,,,,,,,,
,,,,,,,,,,,,,,,,,,,,,,,,
,,,,,,,,,,,,,,,,,,,,,,,,
,,,,,,,,,,,,,,,,,,,,,,,,
,,,,,,,,,,,,,,,,,,,,,,,,
,,,,,,,,,,,,,,,,,,,,,,,,
,,,,,,,,,,,,,,,,,,,,,,,,
,,,,,,,,,,,,,,,,,,,,,,,,
,,,,,,,,,,,,,,,,,,,,,,,,
,,,,,,,,,,,,,,,,,,,,,,,,
,,,,,,,,,,,,,,,,,,,,,,,,
,,,,,,,,,,,,,,,,,,,,,,,,
,,,,,,,,,,,,,,,,,,,,,,,,
,,,,,,,,,,,,,,,,,,,,,,,,
,,,,,,,,,,,,,,,,,,,,,,,,