"itemCode","colour","category","material","unfeasiblePieces","dummyPieces","orderPieces","bufferPieces","route","bomSourceStatus","currentSourceWeightKg","currentSourceRawRows","julySnapshot","augustSnapshot"
"PW11","","SWR Pipe","SWR","35027.55","7118","0","27909.55","route present","positive source weight","3.8","3","missing/zero frozen weight","missing/zero frozen weight"
"PW71","","SWR Pipe","SWR","22571.92","4714","0","17857.92","route present","positive source weight","2.4","3","missing/zero frozen weight","missing/zero frozen weight"
"S4","","CPVC Solvent","CPVC","10778.1","3437","0","7341.1","no route in active local pool","absent from current source","","0","not in snapshot","missing/zero frozen weight"
"A-464","","AGRI Fitting","AGRI","10000.9","2419","0","7581.9","route present","positive source weight","0.0615","3","missing/zero frozen weight","missing/zero frozen weight"
"A-465","","AGRI Fitting","AGRI","5406.69","0","0","5406.69","route present","positive source weight","0.0975","3","missing/zero frozen weight","missing/zero frozen weight"
"S3","","CPVC Solvent","CPVC","4920.8","792","0","4128.8","no route in active local pool","absent from current source","","0","missing/zero frozen weight","missing/zero frozen weight"
"PW72","","SWR Pipe","SWR","2735.77","1600","0","1135.77","route present","positive source weight","2.4","3","missing/zero frozen weight","missing/zero frozen weight"
"A-565","","AGRI Fitting","AGRI","2491.41","1370","0","1121.41","route present","positive source weight","0.04","3","missing/zero frozen weight","missing/zero frozen weight"
"A-365","","AGRI Fitting","AGRI","2089.41","0","0","2089.41","route present","positive source weight","0.1235","3","missing/zero frozen weight","missing/zero frozen weight"
"PG53","","Unclassified","Unclassified","2000","0","2000","0","no route in active local pool","absent from current source","","0","not in snapshot","not in snapshot"
"A-503","","Unclassified","Unclassified","1919","1919","0","0","no route in active local pool","positive source weight","0.07","2","missing/zero frozen weight","not in snapshot"
"A-765","","AGRI Fitting","AGRI","1850.71","1123","0","727.71","route present","positive source weight","0.1665","3","missing/zero frozen weight","missing/zero frozen weight"
"PW61","","SWR Pipe","SWR","1781.82","50","0","1731.82","route present","positive source weight","7.6","3","missing/zero frozen weight","missing/zero frozen weight"
"PB132","","Unclassified","Unclassified","1770","570","1200","0","no route in active local pool","absent from current source","","0","not in snapshot","not in snapshot"
"A-469","","AGRI Fitting","AGRI","1631.21","435","24","1172.21","route present","positive source weight","0.533","3","missing/zero frozen weight","missing/zero frozen weight"
"CH72F","","CPVC Fitting","CPVC","1399.8","352","0","1047.8","route present","positive source weight","0.0689","3","missing/zero frozen weight","missing/zero frozen weight"
"PW12","","SWR Pipe","SWR","1357.07","444","0","913.07","route present","positive source weight","3.8","3","missing/zero frozen weight","missing/zero frozen weight"
"PG523","","Unclassified","Unclassified","1300","0","1300","0","no route in active local pool","absent from current source","","0","not in snapshot","not in snapshot"
"PP523","","Unclassified","Unclassified","1285","0","1285","0","no route in active local pool","absent from current source","","0","not in snapshot","not in snapshot"
"P20W03","","Unclassified","Unclassified","1200","0","1200","0","no route in active local pool","absent from current source","","0","not in snapshot","not in snapshot"
"5106","","Unclassified","Unclassified","1134","1134","0","0","no route in active local pool","positive source weight","0.076","2","missing/zero frozen weight","not in snapshot"
"PB132B","","Unclassified","Unclassified","1125","150","975","0","no route in active local pool","absent from current source","","0","not in snapshot","not in snapshot"
"PC22","","CPVC Fitting","CPVC","1116.2","0","0","1116.2","route present","present but zero/blank source weight","","2","not in snapshot","missing/zero frozen weight"
"PG54","","Unclassified","Unclassified","1100","0","1100","0","no route in active local pool","absent from current source","","0","not in snapshot","not in snapshot"
"PC24","","CPVC Fitting","CPVC","1092.32","233","0","859.32","route present","present but zero/blank source weight","","2","not in snapshot","missing/zero frozen weight"
"PW78","","SWR Pipe","SWR","1090","435","0","655","route present","positive source weight","1.44","3","missing/zero frozen weight","missing/zero frozen weight"
"A-569","","AGRI Fitting","AGRI","1044","409","0","635","route present","positive source weight","0.218","3","missing/zero frozen weight","missing/zero frozen weight"
"A-364","","AGRI Fitting","AGRI","994.21","0","0","994.21","route present","positive source weight","0.0789","3","missing/zero frozen weight","missing/zero frozen weight"
"PW91","","SWR Pipe","SWR","979.24","188","0","791.24","route present","positive source weight","2.6","3","missing/zero frozen weight","missing/zero frozen weight"
"P20G03","","Unclassified","Unclassified","900","0","900","0","no route in active local pool","absent from current source","","0","not in snapshot","not in snapshot"
"PG63","","Unclassified","Unclassified","900","0","900","0","no route in active local pool","absent from current source","","0","not in snapshot","not in snapshot"
"PP55","","Unclassified","Unclassified","900","0","900","0","no route in active local pool","absent from current source","","0","not in snapshot","not in snapshot"
"5606","","Unclassified","Unclassified","841","841","0","0","no route in active local pool","positive source weight","0.296","2","missing/zero frozen weight","not in snapshot"
"A-761","","AGRI Fitting","AGRI","836.81","325","0","511.81","route present","positive source weight","0.1005","3","missing/zero frozen weight","missing/zero frozen weight"
"PB232","","Unclassified","Unclassified","735","585","150","0","no route in active local pool","absent from current source","","0","not in snapshot","not in snapshot"
"PW17","","SWR Pipe","SWR","729.68","169","0","560.68","route present","positive source weight","1.52","3","missing/zero frozen weight","missing/zero frozen weight"
"P20W04","","Unclassified","Unclassified","700","0","700","0","no route in active local pool","absent from current source","","0","not in snapshot","not in snapshot"
"RL02","","SWR Solvent","SWR","691","0","0","691","no route in active local pool","absent from current source","","0","not in snapshot","missing/zero frozen weight"
"PW18","","SWR Pipe","SWR","659.97","22","0","637.97","route present","positive source weight","2.28","3","missing/zero frozen weight","missing/zero frozen weight"
"PG55","","Unclassified","Unclassified","650","0","650","0","no route in active local pool","absent from current source","","0","not in snapshot","not in snapshot"
"PG64","","Unclassified","Unclassified","650","0","650","0","no route in active local pool","absent from current source","","0","not in snapshot","not in snapshot"
"A-368","","AGRI Fitting","AGRI","547.91","252","0","295.91","route present","positive source weight","0.461","3","missing/zero frozen weight","missing/zero frozen weight"
"P20G04","","Unclassified","Unclassified","525","0","525","0","no route in active local pool","absent from current source","","0","not in snapshot","not in snapshot"
"5793","","Unclassified","Unclassified","500","500","0","0","no route in active local pool","absent from current source","","0","missing/zero frozen weight","not in snapshot"
"P20W05","","Unclassified","Unclassified","500","0","500","0","no route in active local pool","absent from current source","","0","not in snapshot","not in snapshot"
"PG403","","Unclassified","Unclassified","500","0","500","0","no route in active local pool","absent from current source","","0","not in snapshot","not in snapshot"
"PG43","","Unclassified","Unclassified","500","0","500","0","no route in active local pool","absent from current source","","0","not in snapshot","not in snapshot"
"A-467","","AGRI Fitting","AGRI","493.2","163","0","330.2","route present","positive source weight","0.2328","3","missing/zero frozen weight","missing/zero frozen weight"
"CM32","","CPVC Fitting","CPVC","483.6","0","0","483.6","route present","positive source weight","0.1455","3","missing/zero frozen weight","missing/zero frozen weight"
"PC25","","CPVC Fitting","CPVC","473.32","0","0","473.32","route present","present but zero/blank source weight","","2","not in snapshot","missing/zero frozen weight"
"PP23","","Unclassified","Unclassified","465","0","465","0","no route in active local pool","absent from current source","","0","not in snapshot","not in snapshot"
"A-768","","AGRI Fitting","AGRI","459.45","34","0","425.45","route present","positive source weight","0.2568","3","missing/zero frozen weight","missing/zero frozen weight"
"A-369","","AGRI Fitting","AGRI","436.15","0","15","421.15","route present","positive source weight","0.725","3","missing/zero frozen weight","missing/zero frozen weight"
"5792","","Unclassified","Unclassified","416","416","0","0","no route in active local pool","positive source weight","0.474","2","missing/zero frozen weight","not in snapshot"
"PW15","","SWR Pipe","SWR","413.65","0","0","413.65","route present","positive source weight","0.76","3","missing/zero frozen weight","missing/zero frozen weight"
"A-667","","AGRI Fitting","AGRI","411.98","191","0","220.98","route present","positive source weight","0.618","3","missing/zero frozen weight","missing/zero frozen weight"
"PG323","","Unclassified","Unclassified","400","0","400","0","no route in active local pool","absent from current source","","0","not in snapshot","not in snapshot"
"PG44","","Unclassified","Unclassified","400","0","400","0","no route in active local pool","absent from current source","","0","not in snapshot","not in snapshot"
"P20G05","","Unclassified","Unclassified","375","0","375","0","no route in active local pool","absent from current source","","0","not in snapshot","not in snapshot"
"A-504","","Unclassified","Unclassified","372","372","0","0","no route in active local pool","positive source weight","0.12","2","missing/zero frozen weight","not in snapshot"
"PW75","","SWR Pipe","SWR","368.52","0","0","368.52","route present","positive source weight","0.48","3","missing/zero frozen weight","missing/zero frozen weight"
"PG23","","Unclassified","Unclassified","350","0","350","0","no route in active local pool","absent from current source","","0","not in snapshot","not in snapshot"
"PW16","","SWR Pipe","SWR","349.4","35","0","314.4","route present","positive source weight","1.14","3","missing/zero frozen weight","missing/zero frozen weight"
"A-366","","AGRI Fitting","AGRI","334.4","182","0","152.4","route present","positive source weight","0.2002","3","missing/zero frozen weight","missing/zero frozen weight"
"PG413","","Unclassified","Unclassified","300","0","300","0","no route in active local pool","absent from current source","","0","not in snapshot","not in snapshot"
"PP24","","Unclassified","Unclassified","300","0","300","0","no route in active local pool","absent from current source","","0","not in snapshot","not in snapshot"
"PP45","","Unclassified","Unclassified","300","0","300","0","no route in active local pool","absent from current source","","0","not in snapshot","not in snapshot"
"PP65","","Unclassified","Unclassified","300","0","300","0","no route in active local pool","absent from current source","","0","not in snapshot","not in snapshot"
"PP403","","Unclassified","Unclassified","285","0","285","0","no route in active local pool","absent from current source","","0","not in snapshot","not in snapshot"
"PP243","","Unclassified","Unclassified","270","0","270","0","no route in active local pool","absent from current source","","0","not in snapshot","not in snapshot"
"PP253","","Unclassified","Unclassified","270","0","270","0","no route in active local pool","absent from current source","","0","not in snapshot","not in snapshot"
"PP33","","Unclassified","Unclassified","270","0","270","0","no route in active local pool","absent from current source","","0","not in snapshot","not in snapshot"
"AS-348","","Unclassified","Unclassified","256","256","0","0","no route in active local pool","positive source weight","0.397","2","missing/zero frozen weight","not in snapshot"
"PW79","","SWR Pipe","SWR","250.09","68","0","182.09","route present","positive source weight","1.44","3","missing/zero frozen weight","missing/zero frozen weight"
"PG65","","Unclassified","Unclassified","250","0","250","0","no route in active local pool","absent from current source","","0","not in snapshot","not in snapshot"
"PW13","","SWR Pipe","SWR","247.77","160","0","87.77","route present","positive source weight","7.5","3","missing/zero frozen weight","missing/zero frozen weight"
"PW77","","SWR Pipe","SWR","239.4","0","0","239.4","route present","positive source weight","0.96","3","missing/zero frozen weight","missing/zero frozen weight"
"PG45","","Unclassified","Unclassified","225","0","225","0","no route in active local pool","absent from current source","","0","not in snapshot","not in snapshot"
"A-767","","AGRI Fitting","AGRI","223.14","0","0","223.14","route present","positive source weight","0.241","3","missing/zero frozen weight","missing/zero frozen weight"
"PG24","","Unclassified","Unclassified","200","0","200","0","no route in active local pool","absent from current source","","0","not in snapshot","not in snapshot"
"PG243","","Unclassified","Unclassified","200","0","200","0","no route in active local pool","absent from current source","","0","not in snapshot","not in snapshot"
"PG253","","Unclassified","Unclassified","200","0","200","0","no route in active local pool","absent from current source","","0","not in snapshot","not in snapshot"
"PG33","","Unclassified","Unclassified","200","0","200","0","no route in active local pool","absent from current source","","0","not in snapshot","not in snapshot"
"PG943","","Unclassified","Unclassified","200","0","200","0","no route in active local pool","absent from current source","","0","not in snapshot","not in snapshot"
"PG954","","Unclassified","Unclassified","200","0","200","0","no route in active local pool","absent from current source","","0","not in snapshot","not in snapshot"
"PW19","","SWR Pipe","SWR","191.37","25","0","166.37","route present","positive source weight","2.28","3","missing/zero frozen weight","missing/zero frozen weight"
"A-721","","Unclassified","Unclassified","190","190","0","0","no route in active local pool","absent from current source","","0","missing/zero frozen weight","not in snapshot"
"PW20","","SWR Pipe","SWR","187.77","100","0","87.77","route present","positive source weight","1.607","2","missing/zero frozen weight","missing/zero frozen weight"
"CH80F","","CPVC Fitting","CPVC","184.28","64","0","120.28","route present","positive source weight","0.0689","3","missing/zero frozen weight","missing/zero frozen weight"
"PP34","","Unclassified","Unclassified","180","0","180","0","no route in active local pool","absent from current source","","0","not in snapshot","not in snapshot"
"A-770","","AGRI Fitting","AGRI","169.83","6","0","163.83","route present","positive source weight","0.625","3","missing/zero frozen weight","missing/zero frozen weight"
"CH82F","","Unclassified","Unclassified","160","160","0","0","no route in active local pool","absent from current source","","0","missing/zero frozen weight","not in snapshot"
"PW73","","SWR Pipe","SWR","155.5","90","0","65.5","route present","positive source weight","4.7","3","not in snapshot","missing/zero frozen weight"
"PG34","","Unclassified","Unclassified","150","0","150","0","no route in active local pool","absent from current source","","0","not in snapshot","not in snapshot"
"PG513","","Unclassified","Unclassified","150","0","150","0","no route in active local pool","absent from current source","","0","not in snapshot","not in snapshot"
"PP25","","Unclassified","Unclassified","150","0","150","0","no route in active local pool","absent from current source","","0","not in snapshot","not in snapshot"
"PP35","","Unclassified","Unclassified","150","0","150","0","no route in active local pool","absent from current source","","0","not in snapshot","not in snapshot"
"RL03","","SWR Fitting","SWR","138.71","0","0","138.71","route present","absent from current source","","0","not in snapshot","missing/zero frozen weight"
"CM26","","CPVC Fitting","CPVC","125","32","0","93","route present","positive source weight","0.0516","3","missing/zero frozen weight","missing/zero frozen weight"
"PW62","","SWR Pipe","SWR","115.85","70","0","45.85","route present","positive source weight","7.6","3","not in snapshot","missing/zero frozen weight"
"PW80","","SWR Pipe","SWR","115.5","50","0","65.5","route present","positive source weight","0.94","2","missing/zero frozen weight","missing/zero frozen weight"
"PG25","","Unclassified","Unclassified","100","0","100","0","no route in active local pool","absent from current source","","0","not in snapshot","not in snapshot"
"PG35","","Unclassified","Unclassified","100","0","100","0","no route in active local pool","absent from current source","","0","not in snapshot","not in snapshot"
"A-271","","AGRI Fitting","AGRI","78.77","14","0","64.77","route present","positive source weight","0.5435","3","missing/zero frozen weight","missing/zero frozen weight"
"CH24","","CPVC Fitting","CPVC","74.8","50","0","24.8","route present","present but zero/blank source weight","","2","not in snapshot","missing/zero frozen weight"
"CH80QS","","CPVC Fitting","CPVC","73.68","34","0","39.68","route present","positive source weight","0.0658","1","missing/zero frozen weight","missing/zero frozen weight"
"MHC-08","","Unclassified","Unclassified","73","43","30","0","no route in active local pool","absent from current source","","0","not in snapshot","not in snapshot"
"PW14","","SWR Pipe","SWR","72.27","50","0","22.27","route present","positive source weight","7.5","3","missing/zero frozen weight","missing/zero frozen weight"
"AS-428","","Unclassified","Unclassified","66","66","0","0","no route in active local pool","positive source weight","0.13","2","missing/zero frozen weight","not in snapshot"
"CM31","","CPVC Fitting","CPVC","65.08","0","0","65.08","route present","positive source weight","0.1455","3","missing/zero frozen weight","missing/zero frozen weight"
"PW63","","SWR Pipe","SWR","60.27","38","0","22.27","route present","positive source weight","15.1","3","missing/zero frozen weight","missing/zero frozen weight"
"AS-446","","Unclassified","Unclassified","60","60","0","0","no route in active local pool","positive source weight","0.1285","2","missing/zero frozen weight","not in snapshot"
"A-471","","AGRI Fitting","AGRI","59.09","0","0","59.09","route present","positive source weight","1.051","3","missing/zero frozen weight","missing/zero frozen weight"
"A-669","","AGRI Fitting","AGRI","56.13","32","0","24.13","route present","positive source weight","0.972","3","missing/zero frozen weight","missing/zero frozen weight"
"A-428","","Unclassified","Unclassified","51","51","0","0","no route in active local pool","positive source weight","0.13","2","missing/zero frozen weight","not in snapshot"
"S45","","Unclassified","Unclassified","48","48","0","0","no route in active local pool","absent from current source","","0","missing/zero frozen weight","not in snapshot"
"CH22","","CPVC Fitting","CPVC","45.88","0","0","45.88","route present","present but zero/blank source weight","","2","missing/zero frozen weight","missing/zero frozen weight"
"CH78QS","","CPVC Fitting","CPVC","45.72","0","0","45.72","route present","positive source weight","0.0658","1","missing/zero frozen weight","missing/zero frozen weight"
"PP413","","Unclassified","Unclassified","41","0","41","0","no route in active local pool","absent from current source","","0","not in snapshot","not in snapshot"
"CH72QS","","CPVC Fitting","CPVC","39.68","0","0","39.68","route present","positive source weight","0.0658","1","missing/zero frozen weight","missing/zero frozen weight"
"A-703","","Unclassified","Unclassified","38","38","0","0","no route in active local pool","positive source weight","0.074","2","missing/zero frozen weight","not in snapshot"
"CH82","","Unclassified","Unclassified","32","32","0","0","no route in active local pool","absent from current source","","0","missing/zero frozen weight","not in snapshot"
"UH86F","","Unclassified","Unclassified","32","0","32","0","no route in active local pool","absent from current source","","0","not in snapshot","not in snapshot"
"A-672","","AGRI Fitting","AGRI","30.74","0","0","30.74","route present","positive source weight","0.0014","3","missing/zero frozen weight","missing/zero frozen weight"
"5143","","SWR Fitting","SWR","30.01","20","0","10.01","route present","present but zero/blank source weight","","3","missing/zero frozen weight","missing/zero frozen weight"
"PW93","","SWR Pipe","SWR","27.9","0","0","27.9","route present","positive source weight","5.1","3","missing/zero frozen weight","missing/zero frozen weight"
"WCT-3LL-10","","Unclassified","Unclassified","25","25","0","0","no route in active local pool","positive source weight","21","2","not in snapshot","not in snapshot"
"PW97","","SWR Pipe","SWR","23.17","14","0","9.17","route present","positive source weight","1.04","3","missing/zero frozen weight","missing/zero frozen weight"
"CH84","","Unclassified","Unclassified","23","23","0","0","no route in active local pool","absent from current source","","0","missing/zero frozen weight","not in snapshot"
"WT-ISI-05","","Unclassified","Unclassified","23","23","0","0","no route in active local pool","positive source weight","17","2","not in snapshot","not in snapshot"
"PW31","","SWR Pipe","SWR","22.27","0","0","22.27","route present","positive source weight","3.6","3","missing/zero frozen weight","missing/zero frozen weight"
"A-413","","Unclassified","Unclassified","21","21","0","0","no route in active local pool","absent from current source","","0","missing/zero frozen weight","not in snapshot"
"U125","","UPVC Fitting","UPVC","20.91","0","0","20.91","route present","present but zero/blank source weight","","2","not in snapshot","missing/zero frozen weight"
"PW74","","SWR Pipe","SWR","20.27","0","0","20.27","route present","positive source weight","4.7","3","not in snapshot","missing/zero frozen weight"
"4507","","Unclassified","Unclassified","20","20","0","0","no route in active local pool","absent from current source","","0","not in snapshot","not in snapshot"
"4763","","Unclassified","Unclassified","19","19","0","0","no route in active local pool","positive source weight","0.258","2","missing/zero frozen weight","not in snapshot"
"U24T","","UPVC Fitting","UPVC","11.07","0","0","11.07","route present","positive source weight","0.26","2","missing/zero frozen weight","missing/zero frozen weight"
"RL04","","SWR Fitting","SWR","10.01","0","0","10.01","route present","absent from current source","","0","not in snapshot","missing/zero frozen weight"
"AS-248","","Unclassified","Unclassified","10","10","0","0","no route in active local pool","absent from current source","","0","missing/zero frozen weight","not in snapshot"
"WCT-3LL-07","","Unclassified","Unclassified","9","9","0","0","no route in active local pool","positive source weight","16","2","not in snapshot","not in snapshot"
"C887","","CPVC Fitting","CPVC","8.8","0","0","8.8","route present","positive source weight","0.0002","5","missing/zero frozen weight","missing/zero frozen weight"
"WT-4LL-07","","Unclassified","Unclassified","5","5","0","0","no route in active local pool","positive source weight","21","2","not in snapshot","not in snapshot"
"WCT-3LL-07 G","","Unclassified","Unclassified","4","4","0","0","no route in active local pool","absent from current source","","0","not in snapshot","not in snapshot"
"A-671","","AGRI Fitting","AGRI","3.94","0","0","3.94","route present","positive source weight","0.0013","3","missing/zero frozen weight","missing/zero frozen weight"
"CH23","","CPVC Fitting","CPVC","3.72","0","0","3.72","route present","present but zero/blank source weight","","2","not in snapshot","missing/zero frozen weight"
"CH25","","CPVC Fitting","CPVC","3.72","0","0","3.72","route present","present but zero/blank source weight","","2","not in snapshot","missing/zero frozen weight"
"CH26","","CPVC Fitting","CPVC","2.48","0","0","2.48","route present","present but zero/blank source weight","","2","not in snapshot","missing/zero frozen weight"
"PW33","","SWR Pipe","SWR","1.31","0","0","1.31","route present","positive source weight","7.1","3","not in snapshot","missing/zero frozen weight"
"WT-3LL-20","","Unclassified","Unclassified","1","1","0","0","no route in active local pool","positive source weight","37.5","2","not in snapshot","not in snapshot"
