"item code","item name","category","material","pieces unfeasible","DUMMY","ORDERS","BUFFER","has machine route"
"PW11","","SWR Pipe","SWR","35027.55","7118","0","27909.55","yes"
"PW71","","SWR Pipe","SWR","22571.92","4714","0","17857.92","yes"
"S4","","CPVC Solvent","CPVC","10778.1","3437","0","7341.1","no"
"A-464","","AGRI Fitting","AGRI","10000.9","2419","0","7581.9","yes"
"A-465","","AGRI Fitting","AGRI","5406.69","0","0","5406.69","yes"
"S3","","CPVC Solvent","CPVC","4920.8","792","0","4128.8","no"
"PW72","","SWR Pipe","SWR","2735.77","1600","0","1135.77","yes"
"A-565","","AGRI Fitting","AGRI","2491.41","1370","0","1121.41","yes"
"A-365","","AGRI Fitting","AGRI","2089.41","0","0","2089.41","yes"
"PG53","Unmapped pending item","Unclassified","Unclassified","2000","0","2000","0","no"
"A-503","ELBOW 45- 6 KG, 50MM AGRI","Unclassified","Unclassified","1919","1919","0","0","no"
"A-765","","AGRI Fitting","AGRI","1850.71","1123","0","727.71","yes"
"PW61","","SWR Pipe","SWR","1781.82","50","0","1731.82","yes"
"PB132"," / COLUMN PIPE 32 MM 10 KG/CM3","Unclassified","Unclassified","1770","570","1200","0","no"
"A-469","","AGRI Fitting","AGRI","1631.21","435","24","1172.21","yes"
"CH72F","","CPVC Fitting","CPVC","1399.8","352","0","1047.8","yes"
"PW12","","SWR Pipe","SWR","1357.07","444","0","913.07","yes"
"PG523","Unmapped pending item","Unclassified","Unclassified","1300","0","1300","0","no"
"PP523"," / Brass Elbow 90 25x15 MM PPR FITTINGS (White Single Layer)","Unclassified","Unclassified","1285","0","1285","0","no"
"P20W03","Unmapped pending item","Unclassified","Unclassified","1200","0","1200","0","no"
"5106","110MM SOCKET PLUG","Unclassified","Unclassified","1134","1134","0","0","no"
"PB132B"," / COLUMN BILLING PIPE 32 MM 10 KG/CM3","Unclassified","Unclassified","1125","150","975","0","no"
"PC22","","CPVC Fitting","CPVC","1116.2","0","0","1116.2","yes"
"PG54","Unmapped pending item","Unclassified","Unclassified","1100","0","1100","0","no"
"PC24","","CPVC Fitting","CPVC","1092.32","233","0","859.32","yes"
"PW78","","SWR Pipe","SWR","1090","435","0","655","yes"
"A-569","","AGRI Fitting","AGRI","1044","409","0","635","yes"
"A-364","","AGRI Fitting","AGRI","994.21","0","0","994.21","yes"
"PW91","","SWR Pipe","SWR","979.24","188","0","791.24","yes"
"P20G03","Unmapped pending item","Unclassified","Unclassified","900","0","900","0","no"
"PG63","Unmapped pending item","Unclassified","Unclassified","900","0","900","0","no"
"PP55","Unmapped pending item","Unclassified","Unclassified","900","0","900","0","no"
"5606","160MM SOCKET PLUG","Unclassified","Unclassified","841","841","0","0","no"
"A-761","","AGRI Fitting","AGRI","836.81","325","0","511.81","yes"
"PB232"," / COLUMN PIPE 32 MM 12.5 KG/CM3","Unclassified","Unclassified","735","585","150","0","no"
"PW17","","SWR Pipe","SWR","729.68","169","0","560.68","yes"
"P20W04","Unmapped pending item","Unclassified","Unclassified","700","0","700","0","no"
"RL02","","SWR Solvent","SWR","691","0","0","691","no"
"PW18","","SWR Pipe","SWR","659.97","22","0","637.97","yes"
"PG55","Unmapped pending item","Unclassified","Unclassified","650","0","650","0","no"
"PG64","Unmapped pending item","Unclassified","Unclassified","650","0","650","0","no"
"A-368","","AGRI Fitting","AGRI","547.91","252","0","295.91","yes"
"P20G04","Unmapped pending item","Unclassified","Unclassified","525","0","525","0","no"
"5793","MULTIFLOOR TRAPE 110X75X50 MM WITH COVER","Unclassified","Unclassified","500","500","0","0","no"
"P20W05","Unmapped pending item","Unclassified","Unclassified","500","0","500","0","no"
"PG403","Unmapped pending item","Unclassified","Unclassified","500","0","500","0","no"
"PG43","Unmapped pending item","Unclassified","Unclassified","500","0","500","0","no"
"A-467","","AGRI Fitting","AGRI","493.2","163","0","330.2","yes"
"CM32","","CPVC Fitting","CPVC","483.6","0","0","483.6","yes"
"PC25","","CPVC Fitting","CPVC","473.32","0","0","473.32","yes"
"PP23","Unmapped pending item","Unclassified","Unclassified","465","0","465","0","no"
"A-768","","AGRI Fitting","AGRI","459.45","34","0","425.45","yes"
"A-369","","AGRI Fitting","AGRI","436.15","0","15","421.15","yes"
"5792","MULTIFLOOR TRAPE 110X75X50 MM","Unclassified","Unclassified","416","416","0","0","no"
"PW15","","SWR Pipe","SWR","413.65","0","0","413.65","yes"
"A-667","","AGRI Fitting","AGRI","411.98","191","0","220.98","yes"
"PG323","Unmapped pending item","Unclassified","Unclassified","400","0","400","0","no"
"PG44","Unmapped pending item","Unclassified","Unclassified","400","0","400","0","no"
"P20G05","Unmapped pending item","Unclassified","Unclassified","375","0","375","0","no"
"A-504","ELBOW 45- 6 KG, 63MM AGRI","Unclassified","Unclassified","372","372","0","0","no"
"PW75","","SWR Pipe","SWR","368.52","0","0","368.52","yes"
"PG23","Unmapped pending item","Unclassified","Unclassified","350","0","350","0","no"
"PW16","","SWR Pipe","SWR","349.4","35","0","314.4","yes"
"A-366","","AGRI Fitting","AGRI","334.4","182","0","152.4","yes"
"PG413","Unmapped pending item","Unclassified","Unclassified","300","0","300","0","no"
"PP24","Unmapped pending item","Unclassified","Unclassified","300","0","300","0","no"
"PP45","Unmapped pending item","Unclassified","Unclassified","300","0","300","0","no"
"PP65","Unmapped pending item","Unclassified","Unclassified","300","0","300","0","no"
"PP403"," / 25""x1/2"" Male brass coupling","Unclassified","Unclassified","285","0","285","0","no"
"PP243","Unmapped pending item","Unclassified","Unclassified","270","0","270","0","no"
"PP253","Unmapped pending item","Unclassified","Unclassified","270","0","270","0","no"
"PP33","Unmapped pending item","Unclassified","Unclassified","270","0","270","0","no"
"AS-348","AGRI EQUAL TEE 90","Unclassified","Unclassified","256","256","0","0","no"
"PW79","","SWR Pipe","SWR","250.09","68","0","182.09","yes"
"PG65","Unmapped pending item","Unclassified","Unclassified","250","0","250","0","no"
"PW13","","SWR Pipe","SWR","247.77","160","0","87.77","yes"
"PW77","","SWR Pipe","SWR","239.4","0","0","239.4","yes"
"PG45","Unmapped pending item","Unclassified","Unclassified","225","0","225","0","no"
"A-767","","AGRI Fitting","AGRI","223.14","0","0","223.14","yes"
"PG24","Unmapped pending item","Unclassified","Unclassified","200","0","200","0","no"
"PG243","Unmapped pending item","Unclassified","Unclassified","200","0","200","0","no"
"PG253","Unmapped pending item","Unclassified","Unclassified","200","0","200","0","no"
"PG33","Unmapped pending item","Unclassified","Unclassified","200","0","200","0","no"
"PG943","Unmapped pending item","Unclassified","Unclassified","200","0","200","0","no"
"PG954","Unmapped pending item","Unclassified","Unclassified","200","0","200","0","no"
"PW19","","SWR Pipe","SWR","191.37","25","0","166.37","yes"
"A-721","50X63 MMREDUCER BUSH 4 KG/CM2","Unclassified","Unclassified","190","190","0","0","no"
"PW20","","SWR Pipe","SWR","187.77","100","0","87.77","yes"
"CH80F","","CPVC Fitting","CPVC","184.28","64","0","120.28","yes"
"PP34","Unmapped pending item","Unclassified","Unclassified","180","0","180","0","no"
"A-770","","AGRI Fitting","AGRI","169.83","6","0","163.83","yes"
"CH82F","3/4"" CPVC TRIANGLE CONCEALED VALVE","Unclassified","Unclassified","160","160","0","0","no"
"PW73","","SWR Pipe","SWR","155.5","90","0","65.5","yes"
"PG34","Unmapped pending item","Unclassified","Unclassified","150","0","150","0","no"
"PG513","Unmapped pending item","Unclassified","Unclassified","150","0","150","0","no"
"PP25","Unmapped pending item","Unclassified","Unclassified","150","0","150","0","no"
"PP35","Unmapped pending item","Unclassified","Unclassified","150","0","150","0","no"
"RL03","","SWR Fitting","SWR","138.71","0","0","138.71","yes"
"CM26","","CPVC Fitting","CPVC","125","32","0","93","yes"
"PW62","","SWR Pipe","SWR","115.85","70","0","45.85","yes"
"PW80","","SWR Pipe","SWR","115.5","50","0","65.5","yes"
"PG25","Unmapped pending item","Unclassified","Unclassified","100","0","100","0","no"
"PG35","Unmapped pending item","Unclassified","Unclassified","100","0","100","0","no"
"A-271","","AGRI Fitting","AGRI","78.77","14","0","64.77","yes"
"CH24","","CPVC Fitting","CPVC","74.8","50","0","24.8","yes"
"CH80QS","","CPVC Fitting","CPVC","73.68","34","0","39.68","yes"
"MHC-08"," / MANHOLE COVER 600 X 600","Unclassified","Unclassified","73","43","30","0","no"
"PW14","","SWR Pipe","SWR","72.27","50","0","22.27","yes"
"AS-428","AGRI EQUAL ELBOW 90","Unclassified","Unclassified","66","66","0","0","no"
"CM31","","CPVC Fitting","CPVC","65.08","0","0","65.08","yes"
"PW63","","SWR Pipe","SWR","60.27","38","0","22.27","yes"
"AS-446","AGRI ELBOW 90⁰ 63","Unclassified","Unclassified","60","60","0","0","no"
"A-471","","AGRI Fitting","AGRI","59.09","0","0","59.09","yes"
"A-669","","AGRI Fitting","AGRI","56.13","32","0","24.13","yes"
"A-428","AGRI EQUAL ELBOW 90 (2.5 Kg","Unclassified","Unclassified","51","51","0","0","no"
"S45","250 ML TIN PVC SOLVENT CEMENT","Unclassified","Unclassified","48","48","0","0","no"
"CH22","","CPVC Fitting","CPVC","45.88","0","0","45.88","yes"
"CH78QS","","CPVC Fitting","CPVC","45.72","0","0","45.72","yes"
"PP413"," / 25""x1/2"" Female brass coupling","Unclassified","Unclassified","41","0","41","0","no"
"CH72QS","","CPVC Fitting","CPVC","39.68","0","0","39.68","yes"
"A-703","BUSH 4KG, 75X50MM, AGRI","Unclassified","Unclassified","38","38","0","0","no"
"CH82","25MM CANCELLED VALVE QUARTER TURN.WITH TRIANGLE HANDLE","Unclassified","Unclassified","32","32","0","0","no"
"UH86F","Unmapped pending item","Unclassified","Unclassified","32","0","32","0","no"
"A-672","","AGRI Fitting","AGRI","30.74","0","0","30.74","yes"
"5143","","SWR Fitting","SWR","30.01","20","0","10.01","yes"
"PW93","","SWR Pipe","SWR","27.9","0","0","27.9","yes"
"WCT-3LL-10","WATER COOL TANK 3 LAYER LIGHT 1000 LTR.","Unclassified","Unclassified","25","25","0","0","no"
"PW97","","SWR Pipe","SWR","23.17","14","0","9.17","yes"
"CH84","25MM CANCELLED VALVE QUARTER TURN.WITH GREACIA-HANDLE","Unclassified","Unclassified","23","23","0","0","no"
"WT-ISI-05","Water Tank 2 layer ISI  500 Ltr.","Unclassified","Unclassified","23","23","0","0","no"
"PW31","","SWR Pipe","SWR","22.27","0","0","22.27","yes"
"A-413","32 MM ELBOW 10 KG/CM2","Unclassified","Unclassified","21","21","0","0","no"
"U125","","UPVC Fitting","UPVC","20.91","0","0","20.91","yes"
"PW74","","SWR Pipe","SWR","20.27","0","0","20.27","yes"
"4507","63 MM BACK FLOW VALVE","Unclassified","Unclassified","20","20","0","0","no"
"4763","110X63 MMNAHANI TRAP WITH JALI","Unclassified","Unclassified","19","19","0","0","no"
"U24T","","UPVC Fitting","UPVC","11.07","0","0","11.07","yes"
"RL04","","SWR Fitting","SWR","10.01","0","0","10.01","yes"
"AS-248","90MM COUPLER4 KG/CM2","Unclassified","Unclassified","10","10","0","0","no"
"WCT-3LL-07","WATER COOL TANK 3 LAYER LIGHT 750 LTR.","Unclassified","Unclassified","9","9","0","0","no"
"C887","","CPVC Fitting","CPVC","8.8","0","0","8.8","yes"
"WT-4LL-07","Water Tank 4 layer Light 750 Ltr.","Unclassified","Unclassified","5","5","0","0","no"
"WCT-3LL-07 G","WATER COOL TANK 3 LAYER LIGHT 750 LTR.","Unclassified","Unclassified","4","4","0","0","no"
"A-671","","AGRI Fitting","AGRI","3.94","0","0","3.94","yes"
"CH23","","CPVC Fitting","CPVC","3.72","0","0","3.72","yes"
"CH25","","CPVC Fitting","CPVC","3.72","0","0","3.72","yes"
"CH26","","CPVC Fitting","CPVC","2.48","0","0","2.48","yes"
"PW33","","SWR Pipe","SWR","1.31","0","0","1.31","yes"
"WT-3LL-20","Water Tank 3 layer Light 2000 Ltr.","Unclassified","Unclassified","1","1","0","0","no"
