Item Code,Colour,Qty
101,WHITE,2041
101,IVORY,1095
102,WHITE,761
102,IVORY,36
103,WHITE,703
103,PINK,1835
103,IVORY,455
104,WHITE,13
104,IVORY,135
105,WHITE,234
105,IVORY,0
106,WHITE,32
106,IVORY,32
107,WHITE,0
107,IVORY,0
110,WHITE,0
110,IVORY,444
111,WHITE,2423
111,IVORY,1702
112,WHITE,473
112,IVORY,272
113,WHITE,1081
113,IVORY,524
114,WHITE,167
114,IVORY,1107
115,WHITE,343
115,IVORY,176
116,WHITE,60
116,IVORY,90
117,WHITE,0
117,IVORY,35
118,WHITE,206
118,IVORY,1212
119,WHITE,0
119,IVORY,17
120,WHITE,0
120,IVORY,0
121,WHITE,22725
121,PINK,144
121,GREEN,0
121,BLUE,164
121,IVORY,0
123,WHITE,10311
123,PINK,0
123,GREEN,0
123,BLUE,74
123,IVORY,0
124,WHITE,0
124,PINK,390
124,GREEN,0
124,BLUE,154
124,IVORY,0
127,WHITE,0
127,IVORY,0
128,WHITE,667
128,PINK,162
128,IVORY,0
129,WHITE,1092
129,PINK,0
129,GREEN,22
129,BLUE,15
129,IVORY,0
130,WHITE,0
130,PINK,61
130,GREEN,204
130,BLUE,333
130,IVORY,0
131,WHITE,0
131,IVORY,22
132,WHITE,0
132,PINK,0
132,BURGUNDY,648
132,IVORY,0
134,WHITE,0
134,IVORY,0
135,WHITE,3
135,IVORY,7
136,WHITE,791
136,IVORY,246
138,WHITE,70
138,IVORY,11
139,WHITE,1052
139,PINK,114
139,GREEN,0
139,BLUE,0
139,IVORY,1050
140,WHITE,0
140,IVORY,274
141,WHITE,0
141,IVORY,606
142,WHITE,0
142,PINK,418
142,GREEN,250
142,BLUE,634
142,IVORY,163
143,WHITE,0
143,PINK,320
143,GREEN,190
143,BLUE,604
143,IVORY,81
144,WHITE,0
144,PINK,982
144,GREEN,359
144,BLUE,0
144,IVORY,0
145,WHITE,0
145,PINK,0
145,GREEN,0
145,BLUE,57
145,IVORY,927
146,WHITE,433
146,IVORY,0
147,WHITE,0
147,PINK,0
147,IVORY,0
148,WHITE,0
148,IVORY,231
149,WHITE,0
149,IVORY,341
150,WHITE,16
150,IVORY,0
1501,WHITE,0
161,GOLD,0
162,GOLD,44
163,GOLD,0
164,GOLD,281
165,GOLD,428
166,GOLD,0
180,WHITE,61
180,IVORY,99
181,WHITE,369
181,PINK,0
181,GREEN,0
181,IVORY,792
183,WHITE,1624
183,PINK,0
183,GREEN,211
183,BLUE,43
183,IVORY,0
184,WHITE,41
184,IVORY,425
184,PINK,3
184,BLUE,0
186,WHITE,611
186,IVORY,0
187,WHITE,0
187,PINK,0
187,GREEN,44
187,BLUE,56
187,IVORY,0
188,WHITE,44
188,PINK,0
188,GREEN,128
188,BLUE,57
188,IVORY,456
189,WHITE,133
189,PINK,0
189,IVORY,0
190,WHITE,200
190,IVORY,107
191,WHITE,674
191,IVORY,106
192,WHITE,108
192,IVORY,140
194,WHITE,265
194,IVORY,0
195,WHITE,0
195,IVORY,1556
196,WHITE,24
196,IVORY,110
197,WHITE,133
197,IVORY,190
198,WHITE,39
198,IVORY,127
199,WHITE,0
199,IVORY,41
200,WHITE,467
200,IVORY,415
201,WHITE,519
201,IVORY,1497
202,WHITE,240
202,IVORY,520
221,WHITE,2947
221,IVORY,932
222,WHITE,654
222,IVORY,104
225,IVORY,31
231,WHITE,439
231,IVORY,1108
232,WHITE,0
232,IVORY,80
233,WHITE,24
233,IVORY,54
331,WHITE,513
331,IVORY,237
332,WHITE,0
332,IVORY,7437
333,WHITE,62
333,IVORY,300
334,IVORY,0
335,IVORY,0
336,IVORY,155
337,WHITE,1527
337,IVORY,4825
521,WHITE,12
521,IVORY,33
522,WHITE,19
522,IVORY,0
551,WHITE,0
551,IVORY,0
552,WHITE,57
552,IVORY,85
553,WHITE,27
553,IVORY,54
554,WHITE,118
554,IVORY,97
555,WHITE,62
555,IVORY,5
556,WHITE,1
556,IVORY,0
557,WHITE,14
557,IVORY,76
571,WHITE,0
571,IVORY,21
572,WHITE,0
572,IVORY,10
575,WHITE,1024
575,IVORY,506
661,WHITE,30
661,IVORY,26
662,WHITE,0
662,IVORY,0
663,WHITE,17
663,IVORY,22
665,WHITE,5
665,IVORY,6
666,WHITE,13
666,IVORY,8
667,WHITE,19
667,IVORY,10
1111,WHITE,387
1111,IVORY,1014
1151,WHITE,5
1151,IVORY,223
1191,WHITE,147
1191,IVORY,301
1231,WHITE,151
1231,IVORY,99
1241,WHITE,60
1241,IVORY,187
1291,WHITE,0
1291,IVORY,0
1311,WHITE,89
1311,IVORY,50
1321,WHITE,23
1321,BURGUNDY,26
1321,IVORY,0
1322,WHITE,24
1322,IVORY,153
1323,WHITE,141
1323,IVORY,41
1331,WHITE,134
1331,IVORY,59
1332,WHITE,23
1332,IVORY,39
1341,WHITE,0
1341,IVORY,0
1351,WHITE,0
1351,IVORY,6
1375,WHITE,0
1375,IVORY,0
1391,WHITE,709
1391,IVORY,0
1411,WHITE,158
1411,IVORY,4
1421,WHITE,136
1421,IVORY,172
1431,WHITE,12
1431,IVORY,212
1441,WHITE,0
1441,IVORY,222
1451,WHITE,77
1451,IVORY,0
1461,WHITE,100
1461,IVORY,368
1471,WHITE,26
1471,IVORY,80
1481,WHITE,306
1481,IVORY,162
1491,WHITE,216
1491,IVORY,35
1811,WHITE,11
1811,IVORY,241
1813,WHITE,215
1813,IVORY,174
1813,PINK,30
1814,WHITE,29
1814,IVORY,100
1815,WHITE,66
1815,IVORY,222
1816,WHITE,61
1816,IVORY,89
1817,WHITE,74
1817,IVORY,982
1821,WHITE,491
1821,IVORY,43
1831,WHITE,0
1831,IVORY,4
1841,WHITE,50
1841,IVORY,318
1842,WHITE,8
1842,IVORY,48
1861,WHITE,0
1861,IVORY,482
1871,WHITE,0
1871,IVORY,2
1881,WHITE,24
1881,IVORY,11
1891,WHITE,27
1891,IVORY,302
1951,WHITE,51
1951,IVORY,1058
1961,WHITE,81
1961,IVORY,87
5211,WHITE,197
5211,IVORY,0
5221,WHITE,37
5221,IVORY,37
121-A,WHITE,0
121-A,IVORY,117
123-A,WHITE,44
123-A,IVORY,111
124-A,WHITE,192
124-A,IVORY,86
127-A,WHITE,56
127-A,IVORY,0
129-A,WHITE,33
129-A,IVORY,0
130-A,WHITE,136
130-A,IVORY,0
131-A,WHITE,0
131-A,IVORY,79
132-A,WHITE,52
132-A,IVORY,1
133-A,WHITE,27
133-A,IVORY,0
135-A,WHITE,0
134-A,WHITE,9
144-A,WHITE,0
144-A,IVORY,102
145-A,WHITE,12
145-A,IVORY,0
146-A,WHITE,39
147-A,WHITE,50
147-A,IVORY,0
149-A,WHITE,19
149-A,IVORY,120
150-A,WHITE,8
180-A,WHITE,478
180-A,IVORY,3399
194-A,.,32
200-A,.,133
1322-A,WHITE,0
1322-A,IVORY,0
1375-A,WHITE,6
121-AB,BLACK,97
123-AB,BLACK,64
124-AB,BLACK,184
145-AB,WHITE,15
124-ABF,BLACK,147
121-AP,WHITE,507
121-AP,IVORY,0
124-AP,WHITE,61
124-AP,IVORY,0
127-AP,WHITE,37
127-AP,IVORY,153
129-AP,WHITE,78
129-AP,IVORY,0
130-AP,WHITE,22
130-AP,IVORY,87
132-AP,WHITE,16
132-AP,IVORY,52
133-AP,WHITE,87
133-AP,IVORY,56
144-AP,WHITE,53
144-AP,IVORY,0
145-AP,WHITE,22
145-AP,IVORY,0
147-AP,WHITE,0
147-AP,IVORY,0
149-AP,IVORY,59
1322-AP,WHITE,17
1322-AP,IVORY,0
124-APF,IVORY,0
121-AS,WHITE,661
121-AS,IVORY,21
124-AS,WHITE,599
124-AS,IVORY,36
127-AS,WHITE,234
127-AS,IVORY,101
129-AS,WHITE,60
129-AS,IVORY,55
130-AS,WHITE,212
130-AS,IVORY,60
132-AS,WHITE,50
132-AS,IVORY,54
133-AS,WHITE,71
133-AS,IVORY,34
144-AS,WHITE,491
144-AS,IVORY,12
145-AS,WHITE,51
145-AS,IVORY,26
147-AS,WHITE,14
147-AS,IVORY,40
149-AS,WHITE,49
149-AS,IVORY,63
1322-AS,WHITE,199
1322-AS,IVORY,11
121-ASF,WHITE,13
124-ASF,IVORY,17
1375-ASF,,12
123-AF,WHITE,0
123-AF,IVORY,135
124-AF,WHITE,46
124-AF,IVORY,270
124-BF,WHITE,148
124-BF,IVORY,28
123-ABF,BLACK,64
147-AQ,WHITE,9
121-B,WHITE,161
121-B,IVORY,392
124-B,WHITE,276
124-B,IVORY,26
127-B,WHITE,91
127-B,IVORY,0
129-B,WHITE,0
129-B,IVORY,83
130-B,WHITE,18
130-B,IVORY,58
132-B,WHITE,0
132-B,IVORY,23
133-B,WHITE,80
133-B,IVORY,99
134-B,WHITE,54
134-B,IVORY,13
135-B,WHITE,0
135-B,IVORY,5
144-B,WHITE,23
144-B,IVORY,508
145-B,WHITE,126
145-B,IVORY,51
146-B,WHITE,145
146-B,IVORY,21
147-B,WHITE,0
147-B,IVORY,0
148-B,WHITE,123
148-B,IVORY,25
149-B,WHITE,52
149-B,IVORY,55
180-B,WHITE,87
180-B,IVORY,133
1322-B,WHITE,10
1322-B,IVORY,290
1375-B,WHITE,6
1375-B,IVORY,0
1813-B,WHITE,0
1813-B,PINK,0
1813-B,BLUE,0
1813-B,IVORY,200
147-BB,WHITE,0
1813-BG,GOLD,4
1813-BR,R BLUE,41
1813-BW,WINE,0
1813-BP,PEACH,16
123-DB,BLACK,11
124-DB,BLACK,40
127-DB,BLACK,44
129-DB,BLACK,16
130-DB,BLACK,54
132-DB,BLACK,30
133-DB,BLACK,75
134-DB,BLACK,7
135-DB,BLACK,39
144-DB,BLACK,86
145-DB,BLACK,114
147-DB,BLACK,23
150-DB,BLACK,6
1322-DB,BLACK,60
1375-DB,BLACK,9
146-BO,WHITE,63
148-BO,WHITE,7
120-C,WHITE,0
120-C,IVORY,53
121-C,WHITE,212
121-C,IVORY,103
123-C,WHITE,382
123-C,IVORY,69
124-C,WHITE,559
124-C,IVORY,171
127-C,WHITE,351
127-C,IVORY,0
129-C,WHITE,83
129-C,IVORY,144
130-C,WHITE,341
130-C,IVORY,437
131-C,WHITE,67
131-C,IVORY,44
132-C,WHITE,0
132-C,IVORY,99
133-C,WHITE,87
133-C,IVORY,175
134-C,WHITE,0
134-C,IVORY,23
135-C,WHITE,35
135-C,IVORY,4
141-C,WHITE,18
141-C,IVORY,0
142-C,WHITE,145
142-C,IVORY,0
143-C,WHITE,48
144-C,WHITE,271
144-C,IVORY,210
145-C,WHITE,41
145-C,IVORY,27
146-C,WHITE,74
146-C,IVORY,0
147-C,WHITE,217
147-C,IVORY,30
150-C,WHITE,17
150-C,IVORY,0
181-C,WHITE,0
181-C,PINK,112
181-C,GREEN,709
181-C,BLUE,99
181-C,IVORY,0
1311-C,WHITE,0
1311-C,IVORY,107
1375-C,WHITE,0
1375-C,IVORY,0
1491-C,WHITE,0
1491-C,IVORY,109
1811-C,WHITE,3
1811-C,IVORY,119
1813-C,WHITE,0
1813-C,PINK,0
1813-C,GREEN,0
1813-C,BLUE,278
1813-C,IVORY,0
1814-C,WHITE,27
1814-C,IVORY,70
1815-C,WHITE,699
1815-C,IVORY,313
1817-C,WHITE,0
1817-C,IVORY,0
1821-C,WHITE,0
1821-C,PINK,16
1821-C,IVORY,470
123-CF,WHITE,298
123-CF,IVORY,57
124-CF,WHITE,275
123-CN,WHITE,75
123-CN,IVORY,0
147-CQ,WHITE,20
147-CQ,IVORY,50
1811N-C,WHITE,11
1811N-C,IVORY,5
1814N-C,WHITE,289
1814N-C,IVORY,18
1814N-CP,WHITE,29
1813-CG,GOLD,98
1813-CP,PEACH,7
1813-CR,R BLUE,0
1813-CW,WINE,3
181-CG,GOLD,12
1814-CG,GOLD,59
1821-CG,GOLD,7
181-CP,PEACH,0
1814-CP,PEACH,46
1821-CP,PEACH,63
181-CR,R BLUE,0
1814-CR,R BLUE,28
1821-CR,R BLUE,11
1814N-CR,R BLUE,0
181-CW,WINE,0
1814-CW,WINE,26
1821-CW,WINE,48
123-D,WHITE,0
123-D,IVORY,144
124-D,WHITE,38
124-D,IVORY,8
127-D,WHITE,15
129-D,WHITE,0
129-D,IVORY,0
130-D,WHITE,0
130-D,IVORY,0
132-D,WHITE,0
132-D,IVORY,74
133-D,WHITE,2
133-D,IVORY,65
134-D,WHITE,9
134-D,IVORY,4
135-D,WHITE,0
135-D,IVORY,3
144-D,WHITE,221
144-D,IVORY,295
145-D,WHITE,3
145-D,IVORY,182
147-D,WHITE,13
147-D,IVORY,0
150-D,WHITE,13
150-D,IVORY,0
1322-D,WHITE,0
1322-D,IVORY,26
1375-D,WHITE,32
1375-D,IVORY,4
123-DG,GOLD,0
124-DG,GOLD,5
129-DG,GOLD,7
130-DG,GOLD,3
132-DG,GOLD,0
133-DG,GOLD,0
134-DG,GOLD,0
144-DG,GOLD,84
145-DG,GOLD,0
147-DG,GOLD,0
1322-DG,GOLD,0
1375-DG,GOLD,0
123-DP,PEACH,111
124-DP,PEACH,26
127-DP,PEACH,4
129-DP,PEACH,9
130-DP,PEACH,0
132-DP,PEACH,0
133-DP,PEACH,0
134-DP,PEACH,1
135-DP,PEACH,0
144-DP,PEACH,0
145-DP,PEACH,10
147-DP,PEACH,129
1322-DP,PEACH,28
1375-DP,PEACH,11
123-DR,R BLUE,0
124-DR,R BLUE,79
127-DR,R BLUE,101
129-DR,R BLUE,47
130-DR,R BLUE,15
132-DR,R BLUE,106
133-DR,R BLUE,0
134-DR,R BLUE,0
135-DR,R BLUE,4
144-DR,R BLUE,253
145-DR,R BLUE,98
147-DR,R BLUE,11
150-DR,R BLUE,9
1322-DR,R BLUE,6
1375-DR,R BLUE,9
123-DW,WINE,125
124-DW,WINE,36
129-DW,WINE,6
130-DW,WINE,18
132-DW,WINE,12
133-DW,WINE,26
134-DW,WINE,15
135-DW,WINE,24
144-DW,WINE,184
145-DW,WINE,7
147-DW,WINE,0
1322-DW,WINE,21
1375-DW,WINE,0
121-E,WHITE,0
121-E,IVORY,1304
123-E,WHITE,60
123-E,IVORY,2518
124-E,WHITE,282
124-E,IVORY,212
127-E,WHITE,149
127-E,IVORY,218
129-E,WHITE,271
129-E,IVORY,65
130-E,WHITE,207
130-E,IVORY,150
132-E,WHITE,46
132-E,IVORY,134
133-E,WHITE,71
133-E,IVORY,77
134-E,WHITE,0
135-E,WHITE,8
141-E,WHITE,12
141-E,IVORY,1488
142-E,WHITE,104
142-E,IVORY,36
143-E,WHITE,72
143-E,IVORY,116
144-E,WHITE,224
144-E,IVORY,482
145-E,WHITE,102
145-E,IVORY,435
146-E,WHITE,37
146-E,IVORY,158
147-E,WHITE,104
147-E,IVORY,98
149-E,WHITE,117
149-E,IVORY,122
150-E,WHITE,31
1375-E,WHITE,2
1375-E,IVORY,0
1431-E,WHITE,132
1431-E,IVORY,0
121-EB,WHITE,20
121-EB,IVORY,311
124-EB,WHITE,309
124-EB,IVORY,32
127-EB,WHITE,104
127-EB,IVORY,89
129-EB,WHITE,184
129-EB,IVORY,135
130-EB,WHITE,192
130-EB,IVORY,41
132-EB,WHITE,112
133-EB,WHITE,82
134-EB,WHITE,0
144-EB,WHITE,483
144-EB,IVORY,128
145-EB,WHITE,162
145-EB,IVORY,6
147-EB,WHITE,8
147-EB,IVORY,43
149-EB,WHITE,43
149-EB,IVORY,68
1322-EB,WHITE,17
1322-EB,IVORY,8
1375-EBF,WHITE,14
123-EF,WHITE,122
123-EF,IVORY,0
124-EF,WHITE,170
124-EF,IVORY,320
123-EN,WHITE,2
147-EQ,WHITE,0
121-F,WHITE,11
121-F,IVORY,0
123-F,WHITE,734
123-F,IVORY,95
124-F,WHITE,75
124-F,PINK,219
124-F,IVORY,0
551-F,WHITE,3
551-F,IVORY,0
553-F,WHITE,8
553-F,IVORY,54
554-F,WHITE,0
555-F,WHITE,108
555-F,IVORY,73
557-F,WHITE,3
557-F,IVORY,0
1231-F,WHITE,167
1231-F,IVORY,403
1241-F,WHITE,233
1241-F,IVORY,306
121-FG,GOLD,12
121-FP,WHITE,0
121-FP,IVORY,10
123-FP,WHITE,0
123-FP,IVORY,42
124-FP,WHITE,56
124-FP,IVORY,56
123-FH,WHITE,0
123-FH,IVORY,24
124-FH,WHITE,0
124-FH,IVORY,334
132-FH,WHITE,0
121-FHG,GOLD,158
123-FHG,GOLD,3
124-FHG,GOLD,14
123-FHP,PEACH,164
124-FHP,PEACH,105
123-FHR,R BLUE,266
124-FHR,R BLUE,38
123-FHW,WINE,144
124-FHW,WINE,93
183-G,GOLD,17
187-G,GOLD,8
188-G,GOLD,54
189-G,GOLD,21
1813-G,GOLD,14
1814-G,GOLD,9
111-H,WHITE,0
111-H,IVORY,210
121-H,WHITE,168
121-H,IVORY,807
123-H,WHITE,1236
123-H,IVORY,224
124-H,WHITE,0
124-H,IVORY,402
127-H,WHITE,0
127-H,IVORY,306
129-H,WHITE,0
129-H,IVORY,90
130-H,WHITE,418
130-H,IVORY,1028
131-H,WHITE,15
131-H,IVORY,100
132-H,WHITE,0
132-H,BURGUNDY,0
132-H,IVORY,246
133-H,WHITE,336
133-H,IVORY,152
134-H,WHITE,24
134-H,IVORY,30
141-H,WHITE,729
141-H,IVORY,35
142-H,WHITE,375
142-H,IVORY,281
143-H,WHITE,0
143-H,IVORY,27
144-H,WHITE,0
144-H,IVORY,1660
145-H,WHITE,754
145-H,IVORY,57
146-H,WHITE,70
146-H,IVORY,0
147-H,WHITE,71
147-H,IVORY,45
148-H,WHITE,26
148-H,IVORY,71
150-H,WHITE,15
1311-H,WHITE,0
1311-H,IVORY,229
1375-H,WHITE,0
1375-H,IVORY,0
1491-H,WHITE,0
1491-H,IVORY,0
146-HB,WHITE,0
148-HB,WHITE,5
121-HG,GOLD,157
123-HG,GOLD,143
124-HG,GOLD,118
127-HG,GOLD,5
129-HG,GOLD,7
130-HG,GOLD,147
131-HG,GOLD,39
132-HG,GOLD,19
133-HG,GOLD,4
134-HG,GOLD,61
141-HG,GOLD,149
142-HG,GOLD,250
143-HG,GOLD,58
144-HG,GOLD,78
145-HG,GOLD,55
146-HG,GOLD,0
147-HG,GOLD,49
148-HG,GOLD,11
1311-HG,GOLD,47
1375-HG,GOLD,3
1491-HG,GOLD,54
121-HP,PEACH,113
123-HP,PEACH,109
124-HP,PEACH,109
127-HP,PEACH,113
129-HP,PEACH,20
130-HP,PEACH,91
131-HP,PEACH,41
132-HP,PEACH,8
133-HP,PEACH,87
134-HP,PEACH,6
141-HP,PEACH,0
142-HP,PEACH,0
143-HP,PEACH,0
144-HP,PEACH,652
145-HP,PEACH,242
146-HP,PEACH,0
147-HP,PEACH,43
148-HP,PEACH,0
1311-HP,PEACH,42
1375-HP,PEACH,10
1491-HP,PEACH,76
121-HR,R BLUE,0
123-HR,R BLUE,66
124-HR,R BLUE,7
127-HR,R BLUE,113
129-HR,R BLUE,0
130-HR,R BLUE,208
131-HR,R BLUE,3
132-HR,R BLUE,67
133-HR,R BLUE,7
134-HR,R BLUE,10
141-HR,R BLUE,0
142-HR,R BLUE,52
143-HR,R BLUE,85
144-HR,R BLUE,260
145-HR,R BLUE,158
146-HR,R BLUE,0
147-HR,R BLUE,1
148-HR,R BLUE,0
1311-HR,R BLUE,25
1322-HR,R BLUE,0
1375-HR,R BLUE,1
1491-HR,R BLUE,311
121-HW,WINE,130
123-HW,WINE,281
124-HW,WINE,247
127-HW,WINE,16
129-HW,WINE,35
130-HW,WINE,265
131-HW,WINE,41
132-HW,WINE,42
133-HW,WINE,41
134-HW,WINE,24
141-HW,WINE,0
142-HW,WINE,33
143-HW,WINE,196
144-HW,WINE,636
145-HW,WINE,65
146-HW,WINE,58
147-HW,WINE,12
148-HW,WINE,12
150-HW,WINE,26
1311-HW,WINE,601
1375-HW,WINE,12
1491-HW,WINE,50
1322-HN,WHITE,27
1322-HN,IVORY,53
147-HQ,WHITE,4
1322-HNG,GOLD,22
1322-HNP,PEACH,5
1322-HNR,R BLUE,0
1322-HNW,WINE,17
147-HQW,WINE,46
121-I,WHITE,19
121-I,IVORY,0
122-I,WHITE,67
123-I,WHITE,0
123-I,IVORY,118
124-I,WHITE,139
124-I,IVORY,56
129-I,WHITE,5
129-I,IVORY,0
130-I,WHITE,0
130-I,IVORY,0
131-I,WHITE,16
131-I,IVORY,19
132-I,WHITE,423
132-I,IVORY,114
133-I,WHITE,0
133-I,IVORY,116
144-I,WHITE,34
144-I,IVORY,182
145-I,WHITE,0
145-I,IVORY,5
147-I,WHITE,121
147-I,IVORY,165
150-I,WHITE,0
150-I,IVORY,40
400-I,WHITE,0
400-I,IVORY,8
1322-I,WHITE,118
1322-I,IVORY,0
1375-I,WHITE,0
1375-I,IVORY,5
121-IG,GOLD,64
122-IG,GOLD,0
123-IG,GOLD,0
124-IG,GOLD,28
129-IG,GOLD,10
130-IG,GOLD,6
131-IG,GOLD,0
132-IG,GOLD,13
133-IG,GOLD,11
144-IG,GOLD,40
145-IG,GOLD,0
147-IG,GOLD,47
400-IG,GOLD,0
1375-IG,GOLD,6
121-IP,PEACH,57
122-IP,PEACH,0
123-IP,PEACH,0
124-IP,PEACH,24
129-IP,PEACH,0
130-IP,PEACH,30
131-IP,PEACH,9
132-IP,PEACH,18
133-IP,PEACH,70
144-IP,PEACH,18
145-IP,PEACH,0
147-IP,PEACH,3
1375-IP,PEACH,0
121-IR,R BLUE,24
122-IR,R BLUE,28
123-IR,R BLUE,27
124-IR,R BLUE,60
129-IR,R BLUE,7
130-IR,R BLUE,10
131-IR,R BLUE,30
132-IR,R BLUE,14
133-IR,R BLUE,21
144-IR,R BLUE,38
145-IR,R BLUE,0
147-IR,R BLUE,5
150-IR,R BLUE,12
400-IR,R BLUE,0
1322-IR,R BLUE,0
1375-IR,R BLUE,10
121-IW,WINE,42
123-IW,WINE,0
124-IW,WINE,0
129-IW,WINE,0
130-IW,WINE,0
132-IW,WINE,0
133-IW,WINE,0
144-IW,WINE,20
145-IW,WINE,0
147-IW,WINE,0
1322-IW,WINE,0
1375-IW,WINE,0
147-IQ,WHITE,9
147-IQ,IVORY,4
147-IQR,R BLUE,37
121-JJM,WHITE,0
121-L,WHITE,102
121-L,IVORY,38
122-L,WHITE,42
123-L,WHITE,44
123-L,IVORY,12
124-L,WHITE,22
129-L,WHITE,12
130-L,WHITE,0
131-L,WHITE,6
132-L,WHITE,33
132-L,IVORY,4
133-L,WHITE,18
133-L,IVORY,0
144-L,WHITE,11
145-L,WHITE,5
147-L,WHITE,7
147-L,IVORY,4
1322-L,WHITE,26
1375-L,WHITE,7
121-LR,R BLUE,78
122-LR,R BLUE,15
123-LR,R BLUE,39
124-LR,R BLUE,6
129-LR,R BLUE,0
130-LR,R BLUE,20
131-LR,R BLUE,6
132-LR,R BLUE,137
133-LR,R BLUE,0
134-LR,R BLUE,0
144-LR,R BLUE,346
145-LR,R BLUE,6
147-LR,WHITE,21
147-LR,R BLUE,0
1375-LR,R BLUE,0
121-LW,WINE,55
123-LW,WINE,36
129-LW,WINE,11
130-LW,WINE,72
132-LW,WINE,72
134-LW,WINE,35
144-LW,WINE,18
1322-LW,WINE,0
1375-LW,WINE,10
147-LW,WINE,23
147-LQW,WINE,30
130-LG,GOLD,0
123-LSG,GOLD,44
124-LSG,GOLD,115
129-LSG,GOLD,18
130-LSG,GOLD,5
131-LSG,GOLD,0
132-LSG,GOLD,19
123-LS,WHITE,170
124-LS,WHITE,112
127-LS,WHITE,29
129-LS,WHITE,15
130-LS,WHITE,15
132-LS,WHITE,13
144-LS,WHITE,16
145-LS,WHITE,29
147-LS,WHITE,20
149-LS,WHITE,91
1375-LS,WHITE,0
1375-LSG,GOLD,4
127-LSB,BLUE,49
129-LSB,BLUE,37
131-LSB,BLUE,17
132-LSB,BLUE,21
144-LSB,BLUE,61
149-LSB,BLUE,72
1375-LSB,BLUE,6
123-LSFB,BLUE,39
124-LSFB,BLUE,41
147-LQ,WHITE,47
120-M,WHITE,0
120-M,IVORY,204
139-M,WHITE,158
139-M,IVORY,0
664-M,WHITE,20
664-M,IVORY,11
1391-M,WHITE,35
1391-M,IVORY,290
1231-N,WHITE,50
123-N,WHITE,0
123-N,IVORY,8
124-N,WHITE,0
124-N,IVORY,198
127-N,WHITE,26
129-N,WHITE,4
129-N,IVORY,68
130-N,WHITE,0
130-N,IVORY,42
131-N,WHITE,180
131-N,IVORY,0
132-N,WHITE,2
132-N,IVORY,27
133-N,WHITE,4
133-N,IVORY,0
134-N,WHITE,4
134-N,IVORY,8
141-N,WHITE,53
141-N,IVORY,16
144-N,WHITE,43
144-N,IVORY,116
145-N,WHITE,0
145-N,IVORY,47
147-N,WHITE,138
147-N,IVORY,44
149-N,WHITE,0
149-N,IVORY,0
1311-N,WHITE,35
1311-N,IVORY,54
1322-N,WHITE,14
1322-N,IVORY,69
1375-N,WHITE,7
1375-N,IVORY,6
124-NB,DARK BLUE,44
127-NB,DARK BLUE,24
129-NB,DARK BLUE,0
130-NB,DARK BLUE,1
132-NB,DARK BLUE,17
133-NB,DARK BLUE,42
134-NB,DARK BLUE,8
144-NB,DARK BLUE,80
145-NB,DARK BLUE,30
147-NB,DARK BLUE,35
1322-NB,DARK BLUE,38
1375-NB,DARK BLUE,8
124-NBB,BLACK,10
130-NBB,BLACK,6
132-NBB,BLACK,0
133-NBB,BLACK,5
144-NBB,BLACK,8
145-NBB,BLACK,20
147-NBB,BLACK,13
127-NBB,BLACK,74
1322-NBB,BLACK,6
1375-NBB,BLACK,9
129-NBB,BLACK,10
124-NG,GOLD,3
129-NG,GOLD,2
130-NG,GOLD,9
132-NG,GOLD,0
133-NG,GOLD,0
144-NG,GOLD,25
145-NG,GOLD,3
147-NG,GOLD,19
1322-NG,GOLD,10
1375-NG,GOLD,0
124-NP,PEACH,71
127-NP,PEACH,127
129-NP,PEACH,0
130-NP,PEACH,40
131-NP,WHITE,15
132-NP,PEACH,44
133-NP,PEACH,79
141-NP,WHITE,138
141-NP,IVORY,11
144-NP,PEACH,141
145-NP,PEACH,35
147-NP,PEACH,127
149-NP,WHITE,49
1322-NP,PEACH,23
149-NP,IVORY,27
1375-NP,PEACH,6
123-NR,R BLUE,100
124-NR,R BLUE,27
127-NR,R BLUE,0
129-NR,R BLUE,0
130-NR,R BLUE,26
132-NR,R BLUE,14
133-NR,R BLUE,16
134-NR,R BLUE,25
135-NR,R BLUE,0
144-NR,R BLUE,0
145-NR,R BLUE,0
147-NR,R BLUE,32
1322-NR,R BLUE,13
1375-NR,R BLUE,53
123-NW,WINE,21
124-NW,WINE,117
127-NW,WINE,13
129-NW,WINE,4
130-NW,WINE,5
132-NW,WINE,60
133-NW,WINE,17
134-NW,WINE,4
135-NW,WINE,3
144-NW,WINE,161
145-NW,WINE,55
147-NW,WINE,13
1322-NW,WINE,48
1375-NW,WINE,3
123-NN,WHITE,168
123-NN,IVORY,111
123-NNB,DARK BLUE,18
134-NBB,BLACK,25
135-NBB,BLACK,5
123-NNBB,BLACK,4
123-NNG,GOLD,29
123-NNP,PEACH,16
123-NNR,R BLUE,23
123-NNW,WINE,137
133-NEW,WHITE,41
133-NEW,IVORY,204
121-O,WHITE,1644
121-O,PINK,34
121-O,GREEN,566
121-O,BLUE,48
121-O,IVORY,0
122-O,WHITE,348
122-O,IVORY,74
123-O,WHITE,1618
123-O,IVORY,4384
124-O,WHITE,574
124-O,IVORY,0
125-O,WHITE,0
125-O,PINK,0
125-O,IVORY,0
127-O,WHITE,0
127-O,IVORY,159
129-O,WHITE,92
129-O,IVORY,109
130-O,WHITE,0
130-O,IVORY,4
131-O,WHITE,185
131-O,IVORY,145
132-O,WHITE,0
132-O,IVORY,9
133-O,WHITE,88
133-O,IVORY,150
134-O,WHITE,14
134-O,IVORY,13
135-O,IVORY,0
141-O,WHITE,9
141-O,IVORY,8
142-O,WHITE,97
142-O,IVORY,6
143-O,WHITE,12
143-O,IVORY,0
144-O,WHITE,4066
144-O,IVORY,439
145-O,WHITE,301
145-O,IVORY,315
146-O,WHITE,17
146-O,IVORY,92
147-O,WHITE,0
147-O,IVORY,42
148-O,WHITE,9
149-O,WHITE,29
149-O,IVORY,60
150-O,WHITE,12
150-O,IVORY,53
1375-O,WHITE,11
1375-O,IVORY,21
123-ON,WHITE,122
132-OT,WHITE,228
132-OT,IVORY,9
147-OSQ,WHITE,7
147-OSQ,IVORY,34
121-P,WHITE,55
121-P,IVORY,612
123-P,WHITE,0
123-P,IVORY,7
124-P,WHITE,252
124-P,IVORY,104
127-P,WHITE,189
127-P,IVORY,126
129-P,WHITE,0
129-P,IVORY,37
130-P,WHITE,39
130-P,IVORY,108
131-P,WHITE,0
131-P,IVORY,0
132-P,WHITE,27
132-P,IVORY,56
133-P,WHITE,2
133-P,IVORY,0
134-P,WHITE,3
134-P,IVORY,3
135-P,WHITE,0
135-P,IVORY,0
141-P,WHITE,155
141-P,IVORY,128
142-P,WHITE,118
142-P,IVORY,24
143-P,WHITE,7
144-P,WHITE,135
144-P,IVORY,227
145-P,WHITE,0
145-P,IVORY,2
146-P,WHITE,0
147-P,WHITE,121
147-P,IVORY,60
148-P,WHITE,0
150-P,WHITE,6
150-P,IVORY,0
183-P,PEACH,7
187-P,PEACH,3
188-P,PEACH,32
121-PF,WHITE,8
123-PN,WHITE,8
123-PN,IVORY,0
121-PR,R BLUE,0
123-PR,R BLUE,0
124-PR,R BLUE,0
129-PR,R BLUE,0
132-PR,R BLUE,0
144-PR,R BLUE,0
145-PR,R BLUE,0
147-PR,R BLUE,0
147-PQ,WHITE,37
147-PQ,IVORY,71
123-OF,WHITE,66
124-OF,WHITE,184
123-Q,WHITE,0
123-Q,IVORY,2
124-Q,WHITE,0
124-Q,IVORY,63
127-Q,WHITE,22
127-Q,IVORY,0
129-Q,WHITE,30
129-Q,IVORY,167
130-Q,WHITE,0
130-Q,IVORY,0
132-Q,WHITE,299
132-Q,IVORY,20
133-Q,WHITE,13
133-Q,IVORY,0
134-Q,WHITE,0
134-Q,IVORY,22
135-Q,WHITE,0
135-Q,IVORY,0
144-Q,WHITE,0
144-Q,IVORY,12
145-Q,WHITE,5
145-Q,IVORY,497
146-Q,IVORY,0
147-Q,WHITE,0
147-Q,IVORY,132
148-Q,IVORY,65
150-Q,WHITE,27
150-Q,IVORY,10
400-Q,WHITE,14
400-Q,IVORY,13
1322-Q,WHITE,0
1322-Q,IVORY,91
1375-Q,WHITE,0
1375-Q,IVORY,14
228-Q,WHITE,72
228-Q,IVORY,388
228-QS,WHITE,160
228-QT,WHITE,0
123-QG,GOLD,0
124-QG,GOLD,36
127-QG,GOLD,55
129-QG,GOLD,28
130-QG,GOLD,0
132-QG,GOLD,11
133-QG,GOLD,21
134-QG,GOLD,9
135-QG,GOLD,0
144-QG,GOLD,73
145-QG,GOLD,9
147-QG,GOLD,15
150-QG,GOLD,6
400-QG,GOLD,0
1322-QG,GOLD,0
1375-QG,GOLD,0
123-QR,R BLUE,0
124-QR,R BLUE,359
127-QR,R BLUE,180
129-QR,R BLUE,0
130-QR,R BLUE,0
132-QR,R BLUE,0
133-QR,R BLUE,21
134-QR,R BLUE,0
135-QR,R BLUE,16
144-QR,R BLUE,372
145-QR,R BLUE,0
147-QR,R BLUE,77
150-QR,R BLUE,5
400-QR,R BLUE,4
1322-QR,R BLUE,184
1375-QR,R BLUE,0
147-HQR,R BLUE,33
123-QP,PEACH,72
124-QP,PEACH,151
127-QP,PEACH,1
129-QP,PEACH,25
130-QP,PEACH,0
132-QP,PEACH,43
133-QP,PEACH,11
134-QP,PEACH,4
135-QP,PEACH,0
144-QP,PEACH,523
145-QP,PEACH,9
147-QP,PEACH,75
150-QP,PEACH,0
400-QP,PEACH,6
1322-QP,PEACH,0
1375-QP,PEACH,8
123-QW,WINE,117
124-QW,WINE,20
129-QW,WINE,104
130-QW,WINE,10
132-QW,WINE,0
133-QW,WINE,0
134-QW,WINE,44
135-QW,WINE,0
144-QW,WINE,634
145-QW,WINE,0
150-QW,WINE,0
400-QW,WINE,7
1322-QW,WINE,0
1375-QW,WINE,3
123-QB,BLACK,26
124-QB,BLACK,75
127-QB,BLACK,0
129-QB,BLACK,2
130-QB,BLACK,4
133-QB,BLACK,0
134-QB,BLACK,0
135-QB,BLACK,0
132-QB,BLACK,35
144-QB,BLACK,168
145-QB,BLACK,20
147-QB,BLACK,3
150-QB,BLACK,7
1322-QB,BLACK,0
1375-QB,BLACK,18
123-QAB,D BLUE,87
124-QAB,D BLUE,44
129-QAB,D BLUE,41
130-QAB,D BLUE,36
132-QAB,D BLUE,0
133-QAB,D BLUE,0
134-QAB,D BLUE,0
135-QAB,D BLUE,0
1322-QAB,D BLUE,0
1375-QAB,D BLUE,4
144-QAB,D BLUE,0
145-QAB,D BLUE,62
150-QAB,D BLUE,0
120-R,WHITE,51
120-R,IVORY,331
121-R,WHITE,55
121-R,IVORY,34
122-R,WHITE,15
123-R,WHITE,22
123-R,IVORY,100
124-R,WHITE,20
124-R,IVORY,688
129-R,WHITE,4
129-R,IVORY,337
130-R,WHITE,58
130-R,IVORY,30
132-R,WHITE,6
132-R,IVORY,144
133-R,WHITE,0
133-R,IVORY,23
134-R,WHITE,7
134-R,IVORY,5
135-R,WHITE,6
135-R,IVORY,5
144-R,WHITE,219
144-R,IVORY,75
145-R,WHITE,6
145-R,IVORY,106
147-R,WHITE,30
147-R,IVORY,0
150-R,WHITE,4
150-R,IVORY,18
183-R,R BLUE,13
187-R,R BLUE,0
188-R,R BLUE,133
189-R,R BLUE,151
400-R,WHITE,3
400-R,IVORY,22
1322-R,WHITE,4
1322-R,IVORY,0
1375-R,WHITE,28
1375-R,IVORY,9
1813-R,R BLUE,534
1814-R,R BLUE,35
121-RG,GOLD,73
122-RG,GOLD,1
123-RG,GOLD,0
124-RG,GOLD,31
129-RG,GOLD,52
130-RG,GOLD,20
132-RG,GOLD,66
133-RG,GOLD,17
134-RG,GOLD,0
135-RG,GOLD,6
144-RG,GOLD,25
145-RG,GOLD,0
147-RG,GOLD,60
150-RG,GOLD,9
400-RG,GOLD,6
1322-RG,GOLD,28
1375-RG,GOLD,0
121-RP,PEACH,80
123-RP,PEACH,0
124-RP,PEACH,0
129-RP,PEACH,23
130-RP,PEACH,0
132-RP,PEACH,34
133-RP,PEACH,26
134-RP,PEACH,0
144-RP,PEACH,0
145-RP,PEACH,23
147-RP,PEACH,37
400-RP,PEACH,0
1375-RP,PEACH,5
121-RW,WINE,98
123-RW,WINE,22
124-RW,WINE,24
129-RW,WINE,8
130-RW,WINE,25
132-RW,WINE,0
133-RW,WINE,0
134-RW,WINE,3
135-RW,WINE,7
144-RW,WINE,14
145-RW,WINE,8
147-RW,WINE,6
400-RW,WINE,0
1375-RW,WINE,0
121-RR,R BLUE,88
122-RR,R BLUE,2
123-RR,R BLUE,0
124-RR,R BLUE,4
129-RR,R BLUE,0
130-RR,R BLUE,0
132-RR,R BLUE,6
133-RR,R BLUE,0
134-RR,R BLUE,0
135-RR,R BLUE,0
144-RR,R BLUE,0
145-RR,R BLUE,10
147-RR,R BLUE,33
150-RR,R BLUE,6
400-RR,R BLUE,0
1375-RR,R BLUE,0
130-RN,WHITE,100
130-RN,IVORY,0
130-RNG,GOLD,13
130-RNP,PEACH,26
130-RNR,R BLUE,57
130-RNW,WINE,0
147-RQ,WHITE,39
147-RQ,IVORY,56
147-RQG,GOLD,33
147-RQP,PEACH,4
147-RQR,R BLUE,19
147-RQW,WINE,0
120-S,WHITE,0
120-S,IVORY,0
121-S,WHITE,1030
121-S,IVORY,1028
123-S,WHITE,162
123-S,IVORY,204
124-S,WHITE,401
124-S,IVORY,1200
125-S,WHITE,0
125-S,IVORY,95
127-S,WHITE,47
127-S,IVORY,85
129-S,WHITE,29
129-S,IVORY,0
130-S,WHITE,2
130-S,IVORY,0
132-S,WHITE,87
132-S,IVORY,0
133-S,WHITE,12
133-S,IVORY,146
134-S,WHITE,8
134-S,IVORY,0
135-S,WHITE,0
144-S,WHITE,185
144-S,IVORY,366
145-S,WHITE,68
145-S,IVORY,0
147-S,WHITE,0
147-S,IVORY,0
149-S,WHITE,171
149-S,IVORY,156
1322-S,WHITE,19
1322-S,IVORY,78
1375-S,WHITE,0
1375-S,IVORY,0
121-SG,GOLD,34
124-SG,GOLD,255
127-SG,GOLD,65
129-SG,GOLD,21
130-SG,GOLD,12
132-SG,GOLD,11
133-SG,GOLD,102
134-SG,GOLD,5
135-SG,GOLD,7
144-SG,GOLD,344
145-SG,GOLD,31
147-SG,GOLD,260
149-SG,GOLD,20
1322-SG,GOLD,0
1375-SG,GOLD,10
121-SP,PEACH,34
124-SP,PEACH,56
127-SP,PEACH,99
129-SP,PEACH,6
130-SP,PEACH,7
132-SP,PEACH,9
133-SP,PEACH,6
144-SP,PEACH,94
145-SP,PEACH,235
147-SP,PEACH,134
149-SP,PEACH,83
1322-SP,PEACH,82
1375-SP,WHITE,0
1375-SP,IVORY,5
121-SR,R BLUE,74
124-SR,R BLUE,837
127-SR,R BLUE,119
129-SR,R BLUE,143
130-SR,R BLUE,242
132-SR,R BLUE,76
133-SR,R BLUE,53
134-SR,R BLUE,1
144-SR,R BLUE,684
145-SR,R BLUE,125
147-SR,R BLUE,72
149-SR,R BLUE,48
1322-SR,R BLUE,44
1375-SR,R BLUE,0
121-SW,WINE,110
123-SW,WINE,0
124-SW,WINE,56
127-SW,WINE,107
129-SW,WINE,28
130-SW,WINE,107
132-SW,WINE,4
133-SW,WINE,20
134-SW,WINE,6
135-SW,WINE,0
144-SW,WINE,34
145-SW,WINE,67
147-SW,WINE,45
149-SW,WINE,186
1322-SW,WINE,5
1375-SF,WHITE,0
1375-SF,IVORY,6
147-SQ,WHITE,0
147-SQ,IVORY,35
1375-SFG,GOLD,5
1375-SFP,PEACH,2
121-SFR,R BLUE,28
124-SFR,R BLUE,126
1375-SFR,R BLUE,0
1375-SFW,WINE,3
124-T,WHITE,0
132-T,WHITE,0
132-T,IVORY,0
144-T,WHITE,0
144-T,IVORY,204
123-U,WHITE,0
123-U,IVORY,4
124-U,WHITE,1
124-U,IVORY,5
127-U,WHITE,12
129-U,WHITE,0
129-U,IVORY,0
130-U,WHITE,0
130-U,IVORY,60
132-U,WHITE,10
132-U,IVORY,20
133-U,WHITE,74
133-U,IVORY,28
134-U,WHITE,13
134-U,IVORY,3
135-U,WHITE,4
144-U,WHITE,80
144-U,IVORY,496
145-U,WHITE,0
145-U,IVORY,82
147-U,WHITE,10
150-U,WHITE,3
1322-U,WHITE,24
1375-U,WHITE,2
1375-U,IVORY,0
123-UB,BLACK,0
124-UB,BLACK,0
129-UB,BLACK,0
130-UB,BLACK,0
134-UB,BLACK,10
133-UB,BLACK,7
135-UB,BLACK,0
144-UB,BLACK,0
145-UB,BLACK,0
147-UB,BLACK,1
132-UB,BLACK,30
1375-UB,BLACK,0
123-UG,GOLD,157
124-UG,GOLD,32
129-UG,GOLD,24
130-UG,GOLD,23
132-UG,GOLD,62
133-UG,GOLD,8
134-UG,GOLD,4
135-UG,GOLD,0
144-UG,GOLD,55
145-UG,GOLD,5
147-UG,GOLD,18
1375-UG,GOLD,9
123-UP,PEACH,205
124-UP,PEACH,0
129-UP,PEACH,68
130-UP,PEACH,0
132-UP,PEACH,0
133-UP,PEACH,0
134-UP,PEACH,12
135-UP,PEACH,10
144-UP,PEACH,12
145-UP,PEACH,0
150-UP,PEACH,0
1375-UP,PEACH,5
123-UR,R BLUE,0
124-UR,R BLUE,0
129-UR,R BLUE,114
130-UR,R BLUE,0
132-UR,R BLUE,0
133-UR,R BLUE,96
134-UR,R BLUE,1
135-UR,R BLUE,8
144-UR,R BLUE,0
145-UR,R BLUE,0
147-UR,R BLUE,0
150-UR,R BLUE,23
1322-UR,R BLUE,8
1375-UR,R BLUE,0
123-UW,WINE,12
124-UW,WINE,11
127-UW,WINE,12
129-UW,WINE,40
130-UW,WINE,207
132-UW,WINE,0
133-UW,WINE,123
134-UW,WINE,5
144-UW,WINE,55
145-UW,WINE,0
147-UW,WINE,13
150-UW,WINE,5
1375-UW,WINE,0
121-V,WHITE,213
121-V,IVORY,16
124-V,WHITE,73
124-V,IVORY,72
127-V,WHITE,89
127-V,IVORY,8
129-V,WHITE,8
129-V,IVORY,23
130-V,WHITE,0
130-V,IVORY,11
132-V,WHITE,10
132-V,IVORY,77
133-V,WHITE,3
133-V,IVORY,10
144-V,WHITE,192
144-V,IVORY,315
145-V,WHITE,195
145-V,IVORY,16
147-V,WHITE,72
147-V,IVORY,36
149-V,WHITE,20
149-V,IVORY,137
1322-V,WHITE,100
1322-V,IVORY,29
1375-V,IVORY,15
121-VB,BLACK,0
121-VG,GOLD,62
123-VG,GOLD,0
124-VG,GOLD,193
127-VG,GOLD,0
129-VG,GOLD,46
130-VG,GOLD,7
132-VG,GOLD,23
133-VG,GOLD,44
134-VG,GOLD,4
144-VG,GOLD,28
145-VG,GOLD,17
147-VG,GOLD,19
149-VG,GOLD,25
1322-VG,GOLD,0
1375-VG,GOLD,0
121-VP,PEACH,48
124-VP,PEACH,0
129-VP,PEACH,0
130-VP,PEACH,0
132-VP,PEACH,9
144-VP,PEACH,0
147-VP,PEACH,30
149-VP,PEACH,0
1375-VP,PEACH,0
121-VR,R BLUE,44
123-VR,R BLUE,0
124-VR,R BLUE,133
127-VR,R BLUE,120
129-VR,R BLUE,9
130-VR,R BLUE,15
132-VR,R BLUE,19
133-VR,R BLUE,0
134-VR,R BLUE,0
144-VR,R BLUE,45
145-VR,R BLUE,33
147-VR,R BLUE,32
149-VR,R BLUE,198
1322-VR,R BLUE,0
1375-VR,R BLUE,0
121-VW,WINE,38
123-VW,WINE,0
124-VW,WINE,35
127-VW,WINE,0
129-VW,WINE,27
130-VW,WINE,52
132-VW,WINE,12
133-VW,WINE,9
144-VW,WINE,28
145-VW,WINE,56
147-VW,WINE,11
149-VW,WINE,33
1322-VW,WINE,0
1375-VW,WINE,0
119-W,WHITE,7
119-W,IVORY,0
120-W,WHITE,1583
120-W,IVORY,113
124-W,WHITE,0
124-W,IVORY,154
183-W,WINE,0
187-W,WINE,0
188-W,WINE,38
189-W,WINE,67
1813-W,WINE,152
120-WS,WHITE,9222
120-WS,IVORY,1342
123-WS,WHITE,216
123-WS,IVORY,244
124-WS,WHITE,204
124-WS,IVORY,897
125-WS,WHITE,59
125-WS,IVORY,122
121-K,WHITE,192
123-K,WHITE,0
124-K,WHITE,0
127-K,WHITE,118
129-K,WHITE,109
130-K,WHITE,169
131-K,WHITE,135
132-K,WHITE,0
133-K,WHITE,31
142-K,WHITE,0
144-K,WHITE,0
145-K,WHITE,23
146-K,WHITE,0
1311-K,WHITE,0
1491-K,WHITE,0
1375-K,WHITE,0
123-KF,WHITE,268
124-KF,WHITE,102
HF-190,WHITE,0
HF-190,IVORY,1381
HF-191,WHITE,0
HF-191,IVORY,8
LF-152,.,11
LF-153,.,0
LF-154,.,0
LF-155,.,0
LF-156,.,0
LF-157,.,117
PD-18,WHITE,21
PD-18,IVORY,16
PI-18,WHITE,13
PI-18,IVORY,10
PQ-18,WHITE,50
PQ-18,IVORY,20
PQ-18,BLUE,0
PR-18,WHITE,0
PR-18,IVORY,12
501,WHITE,0
501,PINK,120
501,GREEN,83
501,BLUE,90
501,IVORY,130
501,GOLD,90
502,WHITE,29
502,IVORY,16
502,PINK,0
502,BLUE,0
503,WHITE,60
503,IVORY,93
504,WHITE,20
504,IVORY,10
506,WHITE,0
506,IVORY,185
507,WHITE,44
507,IVORY,220
508,WHITE,97
508,IVORY,66
510,WHITE,0
510,IVORY,0
701,WHITE,0
701,PINK,0
701,GREEN,330
701,BLUE,0
701,IVORY,154
702,WHITE,0
702,IVORY,10
703,WHITE,130
703,IVORY,37
704,WHITE,0
704,IVORY,60
705,WHITE,19
705,IVORY,70
706,WHITE,0
708,WHITE,38
708,IVORY,0
513,WHITE,0
513,PINK,0
513,GREEN,116
513,BLUE,0
513,IVORY,1050
514,WHITE,108
514,IVORY,87
515,WHITE,702
515,PINK,75
515,GREEN,57
515,BLUE,75
515,IVORY,11
516,WHITE,571
516,PINK,43
516,GREEN,162
516,BLUE,122
516,IVORY,284
511,WHITE,59
511,IVORY,60
512,WHITE,0
512,IVORY,9
517,WHITE,0
517,PINK,66
517,GREEN,1
517,BLUE,20
517,IVORY,250
721,WHITE,401
721,IVORY,66
722,WHITE,183
722,IVORY,0
723,WHITE,182
723,IVORY,89
724,WHITE,263
724,IVORY,0
725,WHITE,0
725,IVORY,0
501-H,WHITE,30
501S,WHITE,208
501S,IVORY,0
501-N,WHITE,0
701-N,WHITE,24
701-N,IVORY,38
514-T,WHITE,53
514-T,IVORY,102
516-G,GOLD,0
516-S,WHITE,9
CF-01,WHITE,35
CF-02,WHITE,0
CF-03,WHITE,17
CF-04,WHITE,0
CB-02,WHITE,114
CB-02,IVORY,49
CB-02,PINK,0
DB-01,WHITE,37
DB-02,WHITE,110
DB-02,IVORY,0
DB-02L,WHITE,0
DF-01,WHITE,0
SP-02,WHITE,78
SP-02,IVORY,98
173,GREEN,4046
174,GREEN,14152
175,GREEN,1660
177,GREEN,127
178,GREEN,0
173,BLUE,1280
174,BLUE,225
175,BLUE,379
177,BLUE,81
178,BLUE,85
LB-01,WHITE,0
LB-01,IVORY,140
321,WHITE,0
321,IVORY,385
322,WHITE,493
322,IVORY,198
323,WHITE,19141
323,IVORY,703
323,PINK,384
324,WHITE,0
324,PINK,280
324,IVORY,45
325,WHITE,536
325,IVORY,735
325,PINK,7
326,WHITE,2544
326,PINK,101
326,IVORY,0
327,WHITE,0
327,IVORY,278
328,WHITE,0
328,IVORY,196
329,WHITE,0
329,IVORY,147
330,WHITE,398
330,IVORY,17
341,WHITE,33
341,IVORY,142
342,WHITE,8316
342,IVORY,1005
343,WHITE,0
343,IVORY,220
344,WHITE,2419
345,WHITE,0
345,IVORY,112
348,WHITE,621
348,IVORY,501
350,WHITE,97
360,WHITE,770
361,WHITE,1261
362,WHITE,0
363,WHITE,28
3271,WHITE,0
3271,IVORY,348
3272,WHITE,0
3272,IVORY,59
3273,WHITE,326
3274,WHITE,600
3275,WHITE,833
3276,WHITE,141
3281,WHITE,0
3281,IVORY,0
3451,WHITE,130
3451,IVORY,114
3461,WHITE,151
3727,WHITE,119
323-H,WHITE,4789
323-H,IVORY,77
324-H,WHITE,2983
324-H,IVORY,610
325-H,WHITE,1395
325-H,IVORY,700
326-H,WHITE,227
326-H,IVORY,200
323-K,WHITE,0
323-K,IVORY,69
324-K,WHITE,3001
324-K,IVORY,507
325-K,WHITE,198
326-K,WHITE,276
348-K,WHITE,245
3272-B,WHITE,570
3274-B,WHITE,521
3275-B,WHITE,1240
328-C,WHITE,409
3272-C,WHITE,1231
3274-C,WHITE,79
3272-BC,WHITE,2666
3274-BC,WHITE,385
PTA-1,WHITE,134
PTA-2,WHITE,88
PTA-3,WHITE,36
PTA-4,WHITE,175
PTA-5,WHITE,89
PTA-6,WHITE,49
PTA-7,WHITE,71
PTA-9,WHITE,129
PTA-10,WHITE,35
PTA-11,WHITE,320
PTA-12,WHITE,0
PTA-13,WHITE,75
PTA-14,WHITE,214
PTA-15,WHITE,69
PTA-15,IVORY,29
PTA-16,WHITE,0
PTA-17,WHITE,8
PTA-18,WHITE,0
PTA-18,IVORY,24
PTA-20,WHITE,112
PTA-21,WHITE,696
PTA-22,WHITE,6
PTA-23,WHITE,0
PTA-24,WHITE,60
PTA-25,WHITE,0
PTA-25,IVORY,37
PTA-26,WHITE,0
PTA-27,WHITE,17
PTA-28,WHITE,153
PTA-32,WHITE,56
PTA-33,WHITE,15
PTA-34,WHITE,12
PTA-35,WHITE,0
PTA-36,WHITE,57
PTA-37,WHITE,50
PTA-38,WHITE,18
PTA-43,WHITE,9
PTA-43,IVORY,14
PTA-44,WHITE,26
PTA-48,WHITE,163
PTA-48,IVORY,0
PTA-49,WHITE,99
PTA-49,IVORY,0
PTA-50,WHITE,21
PTA-51,WHITE,0
PTA-52,WHITE,6
PTA-53,GOLD,418
PTA-54,GOLD,0
PTA-55,GOLD,402
PTA-56,GOLD,296
PTA-57,GOLD,154
PTA-58,GOLD,159
PTA-59,WHITE,74
PTA-60,WHITE,75
PTA-61,WHITE,81
PTA-62,WHITE,397
PTA-62,IVORY,0
PTA-63,WHITE,95
PTA-63,IVORY,0
PTA-64,WHITE,96
PTA-64,IVORY,0
PTA-65,WHITE,779
PTA-66,WHITE,22
PTA-67,WHITE,1166
PTA-67,IVORY,57
PTA-68,WHITE,1535
PTA-68,IVORY,88
PTA-69,WHITE,1568
PTA-70,WHITE,906
PTA-71,WHITE,168
PTA-72,WHITE,32
PTA-73,WHITE,0
PTA-74,WHITE,0
PTA-75,WHITE,0
PTA-76,WHITE,17
PTA-76,IVORY,0
PTA-77,WHITE,0
PTA-78,WHITE,88
PTA-79,WHITE,0
PTA-80,WHITE,153
PTA-81,WHITE,0
PTA-82,WHITE,70
PTA-83,WHITE,265
PTA-84,WHITE,51
PTA-85,.,36
PTA-86,WHITE,0
EPT-01,.,750
LFP-156,.,0
SNPT-2NN,WHITE,112
SNPT-3Q,WHITE,18
SNPT-3R,WHITE,13
SNPT-1E,WHITE,61
SNPT-31F,WHITE,6
SNPT-1C,WHITE,5
SNPT-01,WHITE,16
SNPT-1H,WHITE,37
SNPT-OH1,WHITE,20
SNPT-1HW,WINE,47
SNPT-1HR,R BLUE,24
SNPT-1HG,GOLD,144
SNPT-3NN,WHITE,0
SNPT-3NNG,GOLD,4
SNPT-3NNR,R BLUE,0
SNPT-322SR,R BLUE,10
SNPT-34B,WHITE,5
SNPT-35B,WHITE,0
SNPT-375B,WHITE,26
SNPT-47B,WHITE,26
SNPT-3DG,GOLD,13
SNPT-3DR,R BLUE,9
SNPT-4DR,R BLUE,5
SNPT-3QG,GOLD,15
SNPT-3QR,R BLUE,0
SNPT-3UG,GOLD,13
SNPT-3RR,R BLUE,10
SNPT-3UR,R BLUE,0
SNPT-24B,WHITE,39
SNPT-27B,WHITE,11
SNPT-32B,WHITE,1
SNPT-33B,WHITE,4
SNPT-44B,WHITE,75
SNPT-49B,WHITE,2
SNPT-11,WHITE,55
SNPT-4H,WHITE,0
SNPT-4N,WHITE,0
SNPT-1O,WHITE,148
SNPT-4HG,GOLD,0
SNPT-4NG,GOLD,0
SNPT-4QG,GOLD,19
SNPT-4NR,R BLUE,28
SNPT-4QR,R BLUE,0
SNPT-4HR,R BLUE,0
SNPT-4RR,R BLUE,0
SNPT-4UG,GOLD,8
SNPT-11HF,WHITE,0
SNPT-3RG,GOLD,22
SNPT-4RG,GOLD,0
SNPT-21B,WHITE,10
SNPT-24BF,WHITE,0
SNPT-29B,WHITE,0
SNPT-30B,WHITE,0
SNPT-322B,WHITE,82
SNPT-45B,WHITE,20
SNPT-19,IVORY,120
SNPT-19HF,IVORY,0
SNPT-4R,WHITE,0
SNPT-21,WHITE,179
SNPT-21HF,WHITE,9
SNPT-29,IVORY,65
SNPT-29HF,IVORY,50
SNPT-31,WHITE,0
SNPT-31D,WHITE,0
SNPT-39,IVORY,88
SNPT-41,WHITE,21
SNPT-44D,WHITE,30
SNPT-44R,WHITE,5
SNPT-4U,WHITE,0
SNPT-4UR,R BLUE,6
SNPT-4DG,GOLD,67
SNPT-49,IVORY,25
SNPT-81HF,WHITE,0
SNPT-89HF,WHITE,0
SNPT-J11,WHITE,20
SNPT-J19,IVORY,0
SNPT-J21,WHITE,0
SNPT-J29,IVORY,0
SNTP-J11,WHITE,0
SNPT-JL11,WHITE,0
SNPT-JL19,WHITE,100
SNPT-JL19,IVORY,0
SNPT-JL21,WHITE,0
SNPT-JL29,IVORY,0
SNPT-15B,Gold,0
SNPT-O15,WHITE,20
SNPT-18C,White,0
SNPT-1W,White,15
SNPT-20B,GOLD,69
SNPT-24C,White,0
SNPT-25B,Gold,0
SNPT-2W,White,0
SNPT-30C,White,0
SNPT-3W,WHITE,81
SNPT-4W,White,1
SNPT-5W,White,1
SNPT-6W,White,0
SNPT-7W,White,0
SNPT-8W,White,0
SNPT-3U,WHITE,10
SNPT-9W,White,0
SNPTC-1,White,0
SNPTC-9,Ivory,0
SNPTCDL-1,White,0
SNPTCDL-9,Ivory,0
SNPTCSL-1,White,0
SNPTCSL-9,Ivory,0
SNPTOH-2,White,0
SNPTSC-1,White,0
SNPTSC-2,IVORY,0
SPNT-11HF,White,0
SPNT-3W,White,0
SPNT-JL29,Ivory,0
SPNTSC-2,Ivory,0
SNPT-4D,WHITE,4
SNPT-4Q,WHITE,0
SNPT-3D,WHITE,0
SNPT-01S,WHITE,78
SNPC22M,WHITE,0
SNPT-23EN,WHITE,0
SNPT-24EF,WHITE,0
SNPT-33E,WHITE,0
SNPT-45E,WHITE,53
SNPT-47EQ,WHITE,0
SNPT-48E,WHITE,23
SNPT-49E,WHITE,45
SNPT-50E,WHITE,18
SNMC48,IVORY,0
SNMC49,WHITE,0
SNMC50,WHITE,0
SNMC51,WHITE,0
SNPC21F,WHITE,0
SNPC23,WHITE,0
SNPT-23E,WHITE,0
SNPT-23EF,WHITE,0
SNPT-27E,WHITE,0
SNPT-29E,WHITE,0
SNPT-30E,WHITE,0
SNPT-32E,WHITE,0
SNPT-375E,WHITE,4
SNPT-41E,WHITE,34
SNPT-42E,WHITE,55
SNPT-43E,WHITE,0
SNPT-44E,WHITE,17
SNPT-46E,WHITE,0
SNPT-47E,WHITE,0
SNPT-24E,WHITE,0
SNPT-24SFR,R BLUE,0
SNPT-32SG,GOLD,0
SNPT-33S,WHITE,0
SNPT-44SP,PEACH,0
SNPT-47S,WHITE,0
SNPT-33SR,R BLUE,4
SNPT-47SR,R BLUE,3
SNPT-49SR,R BLUE,4
SNPT-21SR,R BLUE,5
SNPT-24SR,R BLUE,4
SNPT-27SR,R BLUE,10
SNPT-29SR,R BLUE,5
SNPT-30SR,R BLUE,7
SNPT-32SR,R BLUE,0
SNPT-375SFR,R BLUE,0
SNPT-44SR,R BLUE,0
SNPT-45SR,R BLUE,0
SNTR15,WHITE,0
SNTR17,WHITE,0
SNTR18,WHITE,0
SNTR19,WHITE,0
SSC194,WHITE,0
SSD195,WHITE,0
STBH16,WHITE,0
STPH87,WHITE,0
SNMC-52,WHITE,30
SWPS190,WHITE,0
SWPS191,WHITE,0
SNPT-34E,WHITE,0
SNPT-35E,WHITE,0
SNPT-21S,WHITE,7
SNPT-21SP,PEACH,0
SNPT-24S,WHITE,0
SNPT-29S,WHITE,20
SNPT-29SG,GOLD,0
SNPT-29SP,PEACH,14
SNPT-29SW,WINE,0
SNPT-21SG,GOLD,12
SNPT-21SW,WINE,6
SNPT-24SFG,GOLD,0
SNPT-24SFP,PEACH,0
SNPT-24SFW,WINE,0
SNPT-24SG,GOLD,2
SNPT-24SP,PEACH,6
SNPT-27S,WHITE,0
SNPT-27SG,GOLD,16
SNPT-27SP,PEACH,7
SNPT-27SW,WINE,3
SNPT-30S,WHITE,3
SNPT-30SG,GOLD,8
SNPT-30SP,PEACH,10
SNPT-30SW,WINE,9
SNPT-322S,WHITE,0
SNPT-322SG,GOLD,0
SNPT-322SP,PEACH,0
SNPT-322SW,WINE,0
SNPT-32S,WHITE,7
SNPT-32SP,PEACH,1
SNPT-32SW,WINE,0
SNPT-33SG,GOLD,0
SNPT-33SP,PEACH,0
SNPT-33SW,WINE,0
SNPT-34S,WHITE,0
SNPT-34SG,GOLD,5
SNPT-34SP,PEACH,0
SNPT-34SR,R BLUE,0
SNPT-34SW,WHITE,0
SNPT-35S,WHITE,0
SNPT-35SG,GOLD,0
SNPT-35SP,PEACH,0
SNPT-35SR,R BLUE,0
SNPT-35SW,WHITE,0
SNPT-375SF,WHITE,2
SNPT-375SFG,GOLD,0
SNPT-375SFP,PEACH,0
SNPT-375SFW,WINE,0
SNPT-44S,WHITE,0
SNPT-44SG,GOLD,0
SNPT-44SW,WINE,0
SNPT-45S,WHITE,22
SNPT-45SG,GOLD,9
SNPT-45SP,PEACH,9
SNPT-45SW,WINE,7
SNPT-47SG,GOLD,0
SNPT-47SP,PEACH,9
SNPT-47SW,WINE,5
SNPT-49S,WHITE,9
SNPT-49SG,GOLD,1
SNPT-49SP,PEACH,7
SNPT-49SW,WINE,0
SNPT-24SW,WINE,0
HF-40,IVORY,0
HF-60,IVORY,0
CWP-01,WHITE,268
CWP-01,BLUE,8
CWP-01,PINK,14
CWP-02,WHITE,343
CWP-02,PINK,0
CWP-02,BLUE,0
EPN–01,BLACK,0
EPN–02,BLACK,0
EPN–03,BLACK,8
151-S,GOLD,0
153-S,GOLD,3088
P-121,GREY,0
P-124,GREY,0
P-144,GREY,0
PS-121,GREY,0
PS-124,GREY,0
PS-144,GREY,0
1322-VP,PEACH,0
133-VP,PEACH,0
135-DG,GOLD,0
