series,code_count,sample_codes
304 Super Steel (0.85 Mm),83,FT-02 · FT-02M · FT-03 · FT-03M
Garden Pipe,45,BR-345-BY · BR-345-TG · BR-345-TT · BR-346-BY
900 Series 304 Super Steel (0.85 Mm),43,911-D · 911-DM · 916 · 916-D
1200 Series 304 Super Steel (1.00 Mm),41,1216 · 1216-D · 1216-DM · 1218-D
Standard (New Handle),35,121 · 121-OSF · 123 · 123-F
Showers & Accessories,33,1178 · 1180 · 126 · 126-SQ
Standard (Old Handle),32,121-O · 121-OF · 122-O · 123-O
Helix,31,121-H · 121-HF · 123-FH · 123-H
Cobra,29,1323-C · 121-C · 121-CF · 123-C
Black Sapphire,29,121-AB · 121-ABF · 123-AB · 123-ABF
Diamond,29,121-P · 121-PF · 123-FP · 123-P
Helix (Gold),29,121-FHG · 121-HG · 123-FHG · 123-HG
Helix (Peach),29,121-FHP · 121-HP · 123-FHP · 123-HNP
Helix (Royal),29,121-FHR · 121-HR · 123-FHR · 123-HNR
Helix (Wine),29,121-FHW · 121-HW · 123-FHW · 123-HNW
Sapphire,29,121-A · 121-AF · 123-A · 123-AF
Erosa (Black),28,121-FBB · 121-LSFBB · 123-LSBB · 123-LSFBB
Erosa,28,121-F · 121-LSF · 123-LS · 123-LSF
Erosa (Blue),28,121-FB · 121-LSFB · 123-LSB · 123-LSFB
Erosa (Gold),28,121-FG · 121-LSFG · 123-LSFG · 123-LSG
Crystal,27,121-K · 121-KF · 123-K · 123-KF
Grand,27,121-E · 121-EF · 123-E · 123-EF
Roman,26,1231 · 1231-F · 1231-N · 1241
Ball Cocks,25,151 · 151-S · 152 · 153
Ovian,25,121-R · 122-R · 123-R · 124-R
Quadra,23,123-Q · 124-Q · 127-Q · 129-Q
Delta,22,123-D · 124-D · 127-D · 129-D
Ibix,21,121-I · 122-I · 123-I · 124-I
Ovian (Gold),20,121-RG · 122-RG · 123-RG · 124-RG
Ovian (Peach),20,121-RP · 122-RP · 123-RP · 124-RP
Ovian (Royal),20,121-RR · 122-RR · 123-RR · 124-RR
Ovian (Wine),20,121-RW · 122-RW · 123-RW · 124-RW
Waste Coupling,20,101 · 102 · 103 · 104
Lagoona,19,121-L · 122-L · 123-L · 124-L
Lagoona (Gold),19,121-LG · 122-LG · 123-LG · 124-LG
Lagoona (Peach),19,121-LP · 122-LP · 123-LP · 124-LP
Lagoona (Royal),19,121-LR · 122-LR · 123-LR · 124-LR
Lagoona (Wine),19,121-LW · 122-LW · 123-LW · 124-LW
Special Cock,19,120 · 120-C · 120-M · 120-R
Cistern,18,501 · 501N · 501S · 502
800 Series 304 Super Steel (0.75 Mm),18,816-D · 816-DM · 818-D · 818-DM
Bathroom Mirror & Cabinet,18,550-F · 551 · 551-F · 553
Black Pearl,18,121-B · 121-BF · 124-B · 124-BF
Delta (Black),18,121-IR · 123-DB · 124-DB · 127-DB
Flora,18,121-S · 121-SF · 124-S · 124-SF
Flora (Gold),18,121-SFG · 121-SG · 124-SFG · 124-SG
Flora (Peach),18,121-SFP · 121-SP · 124-SFP · 124-SP
Flora (Royal),18,121-SFR · 121-SR · 124-SFR · 124-SR
Flora (Wine),18,121-SFW · 121-SW · 124-SFW · 124-SW
Ibix (Gold),18,121-IG · 122-IG · 123-IG · 124-IG
Ibix (Peach),18,121-IP · 122-IP · 123-IP · 124-IP
Ibix (Wine),18,121-IW · 122-IW · 123-IW · 124-IW
Quadra (Gold),18,123-QG · 124-QG · 127-QG · 129-QG
Quadra (Peach),18,123-QP · 124-QP · 127-QP · 129-QP
Quadra (Royal),18,123-QR · 124-QR · 127-QR · 129-QR
Quadra (Wine),18,123-QW · 124-QW · 127-QW · 129-QW
Apex,17,121-AP · 121-APF · 124-AP · 127-AP
Astra,17,121-AS · 121-ASF · 124-AS · 127-AS
Delta (Gold),17,123-DG · 124-DG · 127-DG · 129-DG
Delta (Peach),17,123-DP · 124-DP · 127-DP · 129-DP
Delta (Royal),17,123-DR · 124-DR · 127-DR · 129-DR
Delta (Wine),17,123-DW · 124-DW · 127-DW · 129-DW
Ebon,17,121-EB · 121-EBF · 124-EB · 127-EB
Faucets & Jet Sprays,17,180 · 180-A · 180-B · 187
Ibix Royal),17,122-IR · 123-IR · 124-IR · 129-IR
Quadra (Black),17,123-QB · 124-QB · 127-QB · 129-QB
Brass Ball Cocks (ISI),16,I-151 · I-152 · I-153 · I-155
Quadra (Dark Blue),16,123-QAB · 124-QAB · 127-QAB · 129-QAB
Ultra,16,123-U · 124-U · 127-U · 129-U
Ultra (Black),16,123-UB · 124-UB · 127-UB · 129-UB
Ultra (Gold),16,123-UG · 124-UG · 127-UG · 129-UG
Ultra (Peach),16,123-UP · 124-UP · 127-UP · 129-UP
Ultra (Royal),16,123-UR · 124-UR · 127-UR · 129-UR
Ultra (Wine),16,123-UW · 124-UW · 127-UW · 129-UW
Vitro,16,121-V · 121-VF · 124-V · 127-V
Vitro (Gold),16,121-VFG · 121-VG · 124-VG · 127-VG
Vitro (Peach),16,121-VFP · 121-VP · 124-VP · 127-VP
Vitro (Royal),16,121-VFR · 121-VR · 124-VR · 127-VR
Vitro (Wine),16,121-VFW · 121-VW · 124-VW · 127-VW
Cistern's & Seat Cover's Accessories,15,CB-02 · CF-01 · CF-03 · CH-01
Showers Sets,15,1178-C · 1180-C · 1816-C · 1179
Novo,15,123-NN · 124-N · 127-N · 129-N
Novo (Black),15,123-NNBB · 124-NBB · 127-NBB · 129-NBB
Novo (Dark Blue),15,123-NNB · 124-NB · 127-NB · 129-NB
Novo (Gold),15,123-NNG · 124-NG · 127-NG · 129-NG
Novo (Peach),15,123-NNP · 124-NP · 127-NP · 129-NP
Novo (Royal),15,123-NNR · 124-NR · 127-NR · 129-NR
Novo (Wine),15,123-NNW · 124-NW · 127-NW · 129-NW
Spindles Set Accessories,14,300 · 301 · 302 · 311
204 Super Steel (0.85 Mm),13,H817-D · H821-D · H826-D · H841-D
Collapsible Waste Pipe,13,3272 · 3272-B · 3272-BC · 3272-C
P.V.C. Connections,13,321 · 322 · 323 · 323-H
Toilet Seat Covers,11,511 · 512 · 513 · 514
Showers & Accessories (Gold),11,1813-BG · 1813-CG · 1813-G · 1814-CG
Showers & Accessories (Peach),11,1813-BP · 1813-CP · 1813-P · 1814-CP
Showers & Accessories (Royal),11,1813-BR · 1813-CR · 1813-R · 1814-CR
Showers & Accessories (Wine),11,1813-BW · 1813-CW · 1813-W · 1814-CW
Waste Pipes,11,327 · 3271 · 328 · 3281
Push Cock,9,136 · 136-L · 137 · 138
Tank Nipples,9,128 · 331 · 332 · 333
Hardware Items,8,201 · 202 · 221 · 222
204 Super Steel (0.65 Mm),7,P-410 · P-430 · P-436 · P-440
Washing Machine,7,341 · 342 · 343 · 344
Water Tank Line Filter,7,LF-152 · LF-153 · LF-154 · LF-155
600 Series 204 Super Steel (0.85),6,642-D · 642-DM · 650-D · 650-DM
800 Series 304 Super Steel (0.75),6,842-D · 842-DM · 850-D · 850-DM
P.V.C. Connections (Plain Nut Round),6,322K · 323K · 324K · 325K
Mute Series,4,722 · 723 · 724 · 725
CPVC Fittings,3,TTS-01 · TTS-02 · TTS-03
Concealed Cistern,3,4043 · 4044 · 4045
Glory,3,PS-121 · PS-124 · PS-144
Luxor,3,P-121 · P-124 · P-144
Allied,2,CNS-15 · CNS-20
Flush Valves,2,571 · 572
Sink Accessories,2,SA-03 · SA-04
Shower Sets (Gold),1,1821-CG
Shower Sets (Peach),1,1821-CP
Shower Sets (Royal),1,1821-CR
Shower Sets (Wine),1,1821-CW
