item_code,division,series,product_name,discontinued_from,checked_by,status_note
6103-S,CP Fittings / Faucets,EMERALD 61,Pillar Cock Tall Body (Small),2026-08-01,Preeti,Removed from 01st Aug
6107,CP Fittings / Faucets,EMERALD 61,Concealed Wall Mount Pillar Cock,2026-08-01,Preeti,Removed from 01st Aug
6150,CP Fittings / Faucets,EMERALD 61,Center Hole Basin Mixer without Popup,2026-08-01,Preeti,Removed from 01st Aug
6152,CP Fittings / Faucets,EMERALD 61,Single Lever Basin Mixer Tall Body without Popup Waste System,2026-08-01,Preeti,Removed from 01st Aug
6154-S,CP Fittings / Faucets,EMERALD 61,Single Lever Basin Mixer Wall Mount (Concealed),2026-08-01,Preeti,Removed from 01st Aug
616-D,PTMT & Plastic Fittings,600 SERIES 204 SUPER STEEL (0.85 MM),SOLO REGULAR SINGLE BOWL,2026-09-01,Preeti,Removed from 01st Aug
616-DM,PTMT & Plastic Fittings,600 SERIES 204 SUPER STEEL (0.85 MM),SOLO REGULAR SINGLE BOWL,2026-09-01,Preeti,Removed from 01st Aug
6170,CP Fittings / Faucets,EMERALD 61,Wall Mixer Telephonic with Crutch & Wall Flange (Provision For Hand Sh,2026-08-01,Preeti,Removed from 01st Aug
618-D,PTMT & Plastic Fittings,600 SERIES 204 SUPER STEEL (0.85 MM),SOLO REGULAR SINGLE BOWL,2026-09-01,Preeti,Removed from 01st Aug
618-DM,PTMT & Plastic Fittings,600 SERIES 204 SUPER STEEL (0.85 MM),SOLO REGULAR SINGLE BOWL,2026-09-01,Preeti,Removed from 01st Aug
6180,CP Fittings / Faucets,EMERALD 61,Wall Mixer 3 In 1 with Wall Flange (Provision For Over Head Shower & H,2026-08-01,Preeti,Removed from 01st Aug
6194,CP Fittings / Faucets,EMERALD 61,Concealed 4 Way Diverter Set Hot & Cold with Built-In Non Return Valve,2026-08-01,Preeti,Removed from 01st Aug
6198,CP Fittings / Faucets,EMERALD 61,Flush Cock 25mm Half Turn with Adjustable Flange,2026-08-01,Preeti,Removed from 01st Aug
620-D,PTMT & Plastic Fittings,600 SERIES 204 SUPER STEEL (0.85 MM),SOLO REGULAR SINGLE BOWL,2026-09-01,Preeti,Removed from 01st Aug
620-DM,PTMT & Plastic Fittings,600 SERIES 204 SUPER STEEL (0.85 MM),SOLO REGULAR SINGLE BOWL,2026-09-01,Preeti,Removed from 01st Aug
622-D,PTMT & Plastic Fittings,600 SERIES 204 SUPER STEEL (0.85 MM),SOLO REGULAR SINGLE BOWL,2026-09-01,Preeti,Removed from 01st Aug
622-DM,PTMT & Plastic Fittings,600 SERIES 204 SUPER STEEL (0.85 MM),SOLO REGULAR SINGLE BOWL,2026-09-01,Preeti,Removed from 01st Aug
623-D,PTMT & Plastic Fittings,600 SERIES 204 SUPER STEEL (0.85 MM),SOLO REGULAR SINGLE BOWL,2026-09-01,Preeti,Removed from 01st Aug
623-DM,PTMT & Plastic Fittings,600 SERIES 204 SUPER STEEL (0.85 MM),SOLO REGULAR SINGLE BOWL,2026-09-01,Preeti,Removed from 01st Aug
624-D,PTMT & Plastic Fittings,600 SERIES 204 SUPER STEEL (0.85 MM),SOLO REGULAR SINGLE BOWL,2026-09-01,Preeti,Removed from 01st Aug
624-DM,PTMT & Plastic Fittings,600 SERIES 204 SUPER STEEL (0.85 MM),SOLO REGULAR SINGLE BOWL,2026-09-01,Preeti,Removed from 01st Aug
624-SD,PTMT & Plastic Fittings,600 SERIES 204 SUPER STEEL (0.85 MM),SOLO REGULAR SINGLE BOWL,2026-09-01,Preeti,Removed from 01st Aug
624-SDM,PTMT & Plastic Fittings,600 SERIES 204 SUPER STEEL (0.85 MM),SOLO REGULAR SINGLE BOWL,2026-09-01,Preeti,Removed from 01st Aug
624-XD,PTMT & Plastic Fittings,600 SERIES 204 SUPER STEEL (0.85 MM),SOLO REGULAR SINGLE BOWL,2026-09-01,Preeti,Removed from 01st Aug
624-XDM,PTMT & Plastic Fittings,600 SERIES 204 SUPER STEEL (0.85 MM),SOLO REGULAR SINGLE BOWL,2026-09-01,Preeti,Removed from 01st Aug
625-D,PTMT & Plastic Fittings,600 SERIES 204 SUPER STEEL (0.85 MM),SOLO REGULAR SINGLE BOWL,2026-09-01,Preeti,Removed from 01st Aug
625-DM,PTMT & Plastic Fittings,600 SERIES 204 SUPER STEEL (0.85 MM),SOLO REGULAR SINGLE BOWL,2026-09-01,Preeti,Removed from 01st Aug
6654-S,CP Fittings / Faucets,VINCENT 66,Single Lever Basin Mixer Wall Mount (Concealed),2026-08-01,Preeti,Removed from 01st Aug
6854-S,CP Fittings / Faucets,MARCUS 68,Single Lever Basin Mixer Wall Mount (Concealed),2026-08-01,Preeti,Removed from 01st Aug
8502,CP Fittings / Faucets,MIST 85,Pillar Cock,2026-08-01,Preeti,Removed from 01st Aug
8506,CP Fittings / Faucets,MIST 85,Bib Cock with Wall Flange,2026-08-01,Preeti,Removed from 01st Aug
8508,CP Fittings / Faucets,MIST 85,Bib Cock Long Body with Wall Flange,2026-08-01,Preeti,Removed from 01st Aug
8509,CP Fittings / Faucets,MIST 85,Bib Cock Long Nose with Wall Flange,2026-08-01,Preeti,Removed from 01st Aug
8510,CP Fittings / Faucets,MIST 85,Angular Stop Cock with Wall Flange,2026-08-01,Preeti,Removed from 01st Aug
8511,CP Fittings / Faucets,MIST 85,2-Way Angular Stop Cock with Wall Flange,2026-08-01,Preeti,Removed from 01st Aug
8512,CP Fittings / Faucets,MIST 85,2-Way Bib Cock Double Handle with Wall Flange,2026-08-01,Preeti,Removed from 01st Aug
8514,CP Fittings / Faucets,MIST 85,Swan Neck Table Mounted,2026-08-01,Preeti,Removed from 01st Aug
8516,CP Fittings / Faucets,MIST 85,Sink Cock Wall Mounted with Flange,2026-08-01,Preeti,Removed from 01st Aug
8518,CP Fittings / Faucets,MIST 85,Concealed Stop Cock 15mm with Wall Flange,2026-08-01,Preeti,Removed from 01st Aug
8520,CP Fittings / Faucets,MIST 85,Concealed Stop Cock 20mm with Wall Flange,2026-08-01,Preeti,Removed from 01st Aug
8526,CP Fittings / Faucets,MIST 85,Stop Cock 15mm (Male Thread),2026-08-01,Preeti,Removed from 01st Aug
8528,CP Fittings / Faucets,MIST 85,Stop Cock 15mm (Female Thread),2026-08-01,Preeti,Removed from 01st Aug
8550,CP Fittings / Faucets,MIST 85,Center Hole Basin Mixer without Popup,2026-08-01,Preeti,Removed from 01st Aug
8555,CP Fittings / Faucets,MIST 85,Sink Mixer with Regular Spout Wall Mounted with Flange,2026-08-01,Preeti,Removed from 01st Aug
8570,CP Fittings / Faucets,MIST 85,Wall Mixer Telephonic with Crutch & Wall Flange (Provision For Hand Sh,2026-08-01,Preeti,Removed from 01st Aug
8575,CP Fittings / Faucets,MIST 85,"Wall Mixer ""L"" Bend with Wall Flange (Provision For Over Head Shower)",2026-08-01,Preeti,Removed from 01st Aug
8580,CP Fittings / Faucets,MIST 85,Wall Mixer 3 In 1 with Wall Flange (Provision For Over Head Shower & H,2026-08-01,Preeti,Removed from 01st Aug
8594,CP Fittings / Faucets,MIST 85,Concealed 4 Way Diverter Set Hot & Cold with Built-In Non Return Valve,2026-08-01,Preeti,Removed from 01st Aug
8598,CP Fittings / Faucets,MIST 85,Flush Cock 25mm Half Turn with Adjustable Flange,2026-08-01,Preeti,Removed from 01st Aug
8902,CP Fittings / Faucets,OPUS 89,Pillar Cock,2026-08-01,Preeti,Removed from 01st Aug
8903,CP Fittings / Faucets,OPUS 89,Pillar Cock Tall Body,2026-08-01,Preeti,Removed from 01st Aug
8908,CP Fittings / Faucets,OPUS 89,Bib Cock Long Body with Wall Flange,2026-08-01,Preeti,Removed from 01st Aug
8910,CP Fittings / Faucets,OPUS 89,Angular Stop Cock with Wall Flange,2026-08-01,Preeti,Removed from 01st Aug
8911,CP Fittings / Faucets,OPUS 89,2-Way Angular Stop Cock with Wall Flange,2026-08-01,Preeti,Removed from 01st Aug
8912,CP Fittings / Faucets,OPUS 89,2-Way Bib Cock Double Handle with Wall Flange,2026-08-01,Preeti,Removed from 01st Aug
8914,CP Fittings / Faucets,OPUS 89,Swan Neck Table Mounted,2026-08-01,Preeti,Removed from 01st Aug
8916,CP Fittings / Faucets,OPUS 89,Sink Cock Wall Mounted with Flange,2026-08-01,Preeti,Removed from 01st Aug
8918,CP Fittings / Faucets,OPUS 89,Concealed Stop Cock 15mm with Wall Flange,2026-08-01,Preeti,Removed from 01st Aug
8920,CP Fittings / Faucets,OPUS 89,Concealed Stop Cock 20mm with Wall Flange,2026-08-01,Preeti,Removed from 01st Aug
8951,CP Fittings / Faucets,OPUS 89,Single Lever Basin Mixer without Popup Waste System,2026-08-01,Preeti,Removed from 01st Aug
8952,CP Fittings / Faucets,OPUS 89,Single Lever Basin Mixer Tall Body without Popup Waste System,2026-08-01,Preeti,Removed from 01st Aug
8954,CP Fittings / Faucets,OPUS 89,Single Lever Basin Mixer Wall Mount (Concealed),2026-08-01,Preeti,Removed from 01st Aug
8955,CP Fittings / Faucets,OPUS 89,Sink Mixer with Regular Spout Wall Mounted with Flange,2026-08-01,Preeti,Removed from 01st Aug
8956,CP Fittings / Faucets,OPUS 89,Single Lever Sink Mixer Wall Mounted with Flange,2026-08-01,Preeti,Removed from 01st Aug
8961,CP Fittings / Faucets,OPUS 89,Single Lever Sink Mixer Table Mounted,2026-08-01,Preeti,Removed from 01st Aug
8970,CP Fittings / Faucets,OPUS 89,Wall Mixer Telephonic with Crutch & Wall Flange (Provision For Hand Sh,2026-08-01,Preeti,Removed from 01st Aug
8971,CP Fittings / Faucets,OPUS 89,Single Lever Wall Mixer with Wall Flange,2026-08-01,Preeti,Removed from 01st Aug
8975,CP Fittings / Faucets,OPUS 89,"Wall Mixer ""L"" Bend with Wall Flange (Provision For Over Head Shower)",2026-08-01,Preeti,Removed from 01st Aug
8976,CP Fittings / Faucets,OPUS 89,"Single Lever Wall Mixer ""L"" Bend with Wall Flange (Expose Type)",2026-08-01,Preeti,Removed from 01st Aug
8980,CP Fittings / Faucets,OPUS 89,Wall Mixer 3 In 1 with Wall Flange (Provision For Over Head Shower & H,2026-08-01,Preeti,Removed from 01st Aug
8991-N,CP Fittings / Faucets,OPUS 89,Single Lever Concealed Diverter Bath & Shower 40mm,2026-08-01,Preeti,Removed from 01st Aug
8992-N,CP Fittings / Faucets,OPUS 89,Single Lever High Flow Concealed Diverter Bath & Shower 46mm,2026-08-01,Preeti,Removed from 01st Aug
8992-ON-OFF-N,CP Fittings / Faucets,OPUS 89,Single Lever High Flow Concealed Diverter Bath & Shower 46mm (ON-OFF),2026-08-01,Preeti,Removed from 01st Aug
8993-N,CP Fittings / Faucets,OPUS 89,Single Lever 3 In Let Concealed Diverter Bath & Shower 46mm,2026-08-01,Preeti,Removed from 01st Aug
8993-ON-OFF-N,CP Fittings / Faucets,OPUS 89,Single Lever 3 In Let Concealed Diverter Bath & Shower 46mm (ON-OFF),2026-08-01,Preeti,Removed from 01st Aug
BB-61-S,CP Fittings / Faucets,EMERALD 61,"Exposed Parts (Wall Flange, Handle & Spout)",2026-08-01,Preeti,Removed from 01st Aug
BB-66-S,CP Fittings / Faucets,VINCENT 66,"Exposed Parts (Wall Flange, Handle & Spout)",2026-08-01,Preeti,Removed from 01st Aug
BB-68-S,CP Fittings / Faucets,MARCUS 68,"Exposed Parts (Wall Flange, Handle & Spout)",2026-08-01,Preeti,Removed from 01st Aug
BB-89,CP Fittings / Faucets,OPUS 89,"Exposed Parts (Wall Flange, Handle & Spout)",2026-08-01,Preeti,Removed from 01st Aug
BB-P66-S,CP Fittings / Faucets,VIRGO P66,"Exposed Parts (Wall Flange, Handle & Spout)",2026-08-01,Preeti,Removed from 01st Aug
CNS-61,CP Fittings / Faucets,ALLIED,"Concealed Flange, Handle & Sleeve",2026-08-01,Preeti,Removed from 01st Aug
CP-61,CP Fittings / Faucets,EMERALD 61,"Exposed Parts (Wall Flange, Handle & Spout)",2026-08-01,Preeti,Removed from 01st Aug
CPS-85,CP Fittings / Faucets,ALLIED,"Concealed Flange, Handle & Sleeve",2026-08-01,Preeti,Removed from 01st Aug
CPS-89,CP Fittings / Faucets,ALLIED,"Concealed Flange, Handle & Sleeve",2026-08-01,Preeti,Removed from 01st Aug
DB-89-3IN-N,CP Fittings / Faucets,OPUS 89,Exposed Parts (Wall Flange & Handle),2026-08-01,Preeti,Removed from 01st Aug
DB-89-3IN-ON-OFF-N,CP Fittings / Faucets,OPUS 89,Exposed Parts (Wall Flange & Handle),2026-08-01,Preeti,Removed from 01st Aug
DB-89-H-N,CP Fittings / Faucets,OPUS 89,Exposed Parts (Wall Flange & Handle),2026-08-01,Preeti,Removed from 01st Aug
DB-89-H-ON-OFF-N,CP Fittings / Faucets,OPUS 89,Exposed Parts (Wall Flange & Handle),2026-08-01,Preeti,Removed from 01st Aug
DB-89-N,CP Fittings / Faucets,OPUS 89,Exposed Parts (Wall Flange & Handle),2026-08-01,Preeti,Removed from 01st Aug
P6654-S,CP Fittings / Faucets,VIRGO P66,Single Lever Basin Mixer Wall Mount (Concealed),2026-08-01,Preeti,Removed from 01st Aug
DB-61-3 IN-N,CP Fittings / Faucets,EMERALD 61,Exposed Parts (Wall Flange & Handle),2026-08-01,Preeti,Removed from 01st Aug
DB-61-3 IN-ON-OFF-N,CP Fittings / Faucets,EMERALD 61,Exposed Parts (Wall Flange & Handle),2026-08-01,Preeti,Removed from 01st Aug
DB-89-3 IN-N,CP Fittings / Faucets,OPUS 89,Exposed Parts (Wall Flange & Handle),2026-08-01,Preeti,Removed from 01st Aug
DB-89-3 IN-ON-OFF-N,CP Fittings / Faucets,OPUS 89,Exposed Parts (Wall Flange & Handle),2026-08-01,Preeti,Removed from 01st Aug
454,CP Fittings / Faucets,,ABS Health Faucet with 1Mtr PVC Tube & Hook,2026-01-20,Preeti,"Removed from 20th Jan, 2026"
455,CP Fittings / Faucets,,ABS Health Faucet with 1.5Mtr PVC Tube & Hook,2026-01-20,Preeti,"Removed from 20th Jan, 2026"
456,CP Fittings / Faucets,,ABS Health Faucet with Hook,2026-01-20,Preeti,"Removed from 20th Jan, 2026"
BA-10,CP Fittings / Faucets,,Brass Towel Rail (600mm),2026-01-20,Preeti,"Removed from 20th Jan, 2026"
BA-11,CP Fittings / Faucets,,Brass Towel Ring,2026-01-20,Preeti,"Removed from 20th Jan, 2026"
BA-12,CP Fittings / Faucets,,Brass Towel Rack,2026-01-20,Preeti,"Removed from 20th Jan, 2026"
BA-15,CP Fittings / Faucets,,ABS Soap Dish with Brass Stand,2026-01-20,Preeti,"Removed from 20th Jan, 2026"
BA-15G,CP Fittings / Faucets,,Glass Soap Dish with Brass Stand,2026-01-20,Preeti,"Removed from 20th Jan, 2026"
BA-16,CP Fittings / Faucets,,ABS Tumbler Holder with Brass Stand,2026-01-20,Preeti,"Removed from 20th Jan, 2026"
BA-16G,CP Fittings / Faucets,,Glass Tumbler Holder with Brass Stand,2026-01-20,Preeti,"Removed from 20th Jan, 2026"
BA-17,CP Fittings / Faucets,,Brass Robe Hook,2026-01-20,Preeti,"Removed from 20th Jan, 2026"
BA-18,CP Fittings / Faucets,,Brass Toilet Paper Holder,2026-01-20,Preeti,"Removed from 20th Jan, 2026"
BEA-103A,CP Fittings / Faucets,,Chrome Plated ABS Health Faucet Dolphin with 1Mtr SS Tube & Hook in Bl,2026-01-20,Preeti,"Removed from 20th Jan, 2026"
BEA-108,CP Fittings / Faucets,,Helath Faucet Square brass with 1 mtr ss tube & brass hook,2026-01-20,Preeti,"Removed from 20th Jan, 2026"
BEA-30,CP Fittings / Faucets,,Brass Peg Set Of 6,2026-01-20,Preeti,"Removed from 20th Jan, 2026"
BHS-2001,CP Fittings / Faucets,,Chrome Plated ABS Hand Rainduet Shower 5-Function with 1.5Mtr SS Tube,2026-01-20,Preeti,"Removed from 20th Jan, 2026"
BHS-2011,CP Fittings / Faucets,,Chrome Plated ABS Hand Rainduet Shower 5-Function with 1.5Mtr SS Tube,2026-01-20,Preeti,"Removed from 20th Jan, 2026"
BOS-102,CP Fittings / Faucets,,Over Head Fashion Shower 3 Function 80mm with Brass Arm 150mm & Flange,2026-01-20,Preeti,"Removed from 20th Jan, 2026"
BOS-102SS,CP Fittings / Faucets,,Over Head Fashion Shower 3 Function 80mm with SS Arm 225mm & Flange,2026-01-20,Preeti,"Removed from 20th Jan, 2026"
BOS-47SQ,CP Fittings / Faucets,,SS Square Shower Arm 300mm with Flange,2026-01-20,Preeti,"Removed from 20th Jan, 2026"
BOS-49SQ,CP Fittings / Faucets,,SS Square Shower Arm 225mm with Flange,2026-01-20,Preeti,"Removed from 20th Jan, 2026"
BOS-50SQ,CP Fittings / Faucets,,SS Square Shower Arm 375mm with Flange,2026-01-20,Preeti,"Removed from 20th Jan, 2026"
BS-101,CP Fittings / Faucets,,Mini Globe Round Shower 85 mm,2026-01-20,Preeti,"Removed from 20th Jan, 2026"
BS-102,CP Fittings / Faucets,,Opera Round Shower 85 mm,2026-01-20,Preeti,"Removed from 20th Jan, 2026"
BS-103,CP Fittings / Faucets,,Pluto Round Shower 110 mm,2026-01-20,Preeti,"Removed from 20th Jan, 2026"
BS-105,CP Fittings / Faucets,,Primus Square Shower 85 mm,2026-01-20,Preeti,"Removed from 20th Jan, 2026"
BS-110,CP Fittings / Faucets,,Over Head Shower Aesthetic Round 230 mm with 375 mm ss arm,2026-01-20,Preeti,"Removed from 20th Jan, 2026"
BS-111,CP Fittings / Faucets,,Over Head Shower Aesthetic 150x225 mm with 375 mm ss arm,2026-01-20,Preeti,"Removed from 20th Jan, 2026"
BS-26,CP Fittings / Faucets,,Imagica Shower SS 100X100 MM,2026-01-20,Preeti,"Removed from 20th Jan, 2026"
BS-27,CP Fittings / Faucets,,Imagica Shower SS 150X150 MM,2026-01-20,Preeti,"Removed from 20th Jan, 2026"
BS-28,CP Fittings / Faucets,,Imagica Shower SS 200X200 MM,2026-01-20,Preeti,"Removed from 20th Jan, 2026"
BS-29,CP Fittings / Faucets,,Imagica Shower SS 300X300 MM,2026-01-20,Preeti,"Removed from 20th Jan, 2026"
BS-306,CP Fittings / Faucets,,Multi Flow Over Head Shower Storm Full CP 100 MM,2026-01-20,Preeti,"Removed from 20th Jan, 2026"
BS-65,CP Fittings / Faucets,,ABS Overhead Shower 100mm Round with SS Arm 225mm & Flange,2026-01-20,Preeti,"Removed from 20th Jan, 2026"
BS-66B,CP Fittings / Faucets,,Over Head Shower Mist Flow 125 mm Bilister Set,2026-01-20,Preeti,"Removed from 20th Jan, 2026"
BS-71B,CP Fittings / Faucets,,Over Head Shower Mist Flow 100 mm Bilister Set,2026-01-20,Preeti,"Removed from 20th Jan, 2026"
BS-81,CP Fittings / Faucets,,Steppo Square Shower 250x250 mm,2026-01-20,Preeti,"Removed from 20th Jan, 2026"
BS-90,CP Fittings / Faucets,,"ABS Magnum Shower Round 12"" With Arm",2026-01-20,Preeti,"Removed from 20th Jan, 2026"
GB-01,CP Fittings / Faucets,,"Grab Bar 18"" SS304+ABS",2026-01-20,Preeti,"Removed from 20th Jan, 2026"
GB-02,CP Fittings / Faucets,,"Grab Bar 24"" SS304+ABS",2026-01-20,Preeti,"Removed from 20th Jan, 2026"
GB-03,CP Fittings / Faucets,,"Grab Bar U Type 24"" SS304+ABS",2026-01-20,Preeti,"Removed from 20th Jan, 2026"
SL-1009C,CP Fittings / Faucets,,Brass Kitchen Sink Mixer Chrome 360 Degree Rotable,2026-01-20,Preeti,"Removed from 20th Jan, 2026"
SL-1011,CP Fittings / Faucets,,SS Kitchen Sink Mixer 3-Function Flow,2026-01-20,Preeti,"Removed from 20th Jan, 2026"
BSC-03,CP Fittings / Faucets,ACCESSORIES,Pillar Cock Auto Closing System,2026-08-01,Preeti,"Removed from 01st Aug, 2026"
BSC-07,CP Fittings / Faucets,ACCESSORIES,Bib Cock Auto Closing System,2026-08-01,Preeti,"Removed from 01st Aug, 2026"
BSC-09,CP Fittings / Faucets,ACCESSORIES,Urinal Valve Auto Closing System,2026-08-01,Preeti,"Removed from 01st Aug, 2026"
5492-ON-OFF-P,CP Fittings / Faucets,AQUA 54,Single Lever High Flow Concealed Diverter Bath & Shower 46mm (ON-OFF),2026-08-01,Preeti,"Removed from 01st Aug, 2026"
DB-54-H-ON-OFF-P,CP Fittings / Faucets,AQUA 54,"Exposed Parts (Wall Flange, Handle, Sleeve & Knob)",2026-08-01,Preeti,"Removed from 01st Aug, 2026"
5292-ON-OFF-P,CP Fittings / Faucets,ASPIRE 52,Single Lever High Flow Concealed Diverter Bath & Shower 46mm (ON-OFF),2026-08-01,Preeti,"Removed from 01st Aug, 2026"
DB-52-H-ON-OFF-P,CP Fittings / Faucets,ASPIRE 52,"Exposed Parts (Wall Flange, Handle, Sleeve & Knob)",2026-08-01,Preeti,"Removed from 01st Aug, 2026"
PD-46-H-ON-OFF-P,CP Fittings / Faucets,ASPIRE 52,"High Flow Concealed Diverter Body 46mm (Cartridge, On-Off Tipton Sleev",2026-08-01,Preeti,"Removed from 01st Aug, 2026"
6292-ON-OFF-P,CP Fittings / Faucets,BLAZE 62,Single Lever High Flow Concealed Diverter Bath & Shower 46mm (ON-OFF),2026-08-01,Preeti,"Removed from 01st Aug, 2026"
DB-62-H-ON-OFF-P,CP Fittings / Faucets,BLAZE 62,"Exposed Parts (Wall Flange, Handle, Sleeve & Knob)",2026-08-01,Preeti,"Removed from 01st Aug, 2026"
6102,CP Fittings / Faucets,EMERALD 61,Pillar Cock,2026-08-01,Preeti,"Removed from 01st Aug, 2026"
6103,CP Fittings / Faucets,EMERALD 61,Pillar Cock Tall Body,2026-08-01,Preeti,"Removed from 01st Aug, 2026"
6104,CP Fittings / Faucets,EMERALD 61,Pillar Cock Extended Body,2026-08-01,Preeti,"Removed from 01st Aug, 2026"
6106,CP Fittings / Faucets,EMERALD 61,Bib Cock with Wall Flange,2026-08-01,Preeti,"Removed from 01st Aug, 2026"
6108,CP Fittings / Faucets,EMERALD 61,Bib Cock Long Body with Wall Flange,2026-08-01,Preeti,"Removed from 01st Aug, 2026"
6110,CP Fittings / Faucets,EMERALD 61,Angular Stop Cock with Wall Flange,2026-08-01,Preeti,"Removed from 01st Aug, 2026"
6111,CP Fittings / Faucets,EMERALD 61,2-Way Angular Stop Cock with Wall Flange,2026-08-01,Preeti,"Removed from 01st Aug, 2026"
6112,CP Fittings / Faucets,EMERALD 61,2-Way Bib Cock Double Handle with Wall Flange,2026-08-01,Preeti,"Removed from 01st Aug, 2026"
6113,CP Fittings / Faucets,EMERALD 61,2-Way Bib Cock Single Handle with Wall Flange,2026-08-01,Preeti,"Removed from 01st Aug, 2026"
6114,CP Fittings / Faucets,EMERALD 61,Swan Neck Table Mounted,2026-08-01,Preeti,"Removed from 01st Aug, 2026"
6116,CP Fittings / Faucets,EMERALD 61,Sink Cock Wall Mounted with Flange,2026-08-01,Preeti,"Removed from 01st Aug, 2026"
6118,CP Fittings / Faucets,EMERALD 61,Concealed Stop Cock 15mm with Wall Flange,2026-08-01,Preeti,"Removed from 01st Aug, 2026"
6120,CP Fittings / Faucets,EMERALD 61,Concealed Stop Cock 20mm with Wall Flange,2026-08-01,Preeti,"Removed from 01st Aug, 2026"
6151,CP Fittings / Faucets,EMERALD 61,Single Lever Basin Mixer without Popup Waste System,2026-08-01,Preeti,"Removed from 01st Aug, 2026"
6154,CP Fittings / Faucets,EMERALD 61,Single Lever Basin Mixer Wall Mount (Concealed),2026-08-01,Preeti,"Removed from 01st Aug, 2026"
6155,CP Fittings / Faucets,EMERALD 61,Sink Mixer with Regular Spout Wall Mounted with Flange,2026-08-01,Preeti,"Removed from 01st Aug, 2026"
6175,CP Fittings / Faucets,EMERALD 61,"Wall Mixer ""L"" Bend with Wall Flange (Provision For Over Head Shower)",2026-08-01,Preeti,"Removed from 01st Aug, 2026"
6191-N,CP Fittings / Faucets,EMERALD 61,Single Lever Concealed Diverter Bath & Shower 40mm,2026-08-01,Preeti,"Removed from 01st Aug, 2026"
6192-N,CP Fittings / Faucets,EMERALD 61,Single Lever High Flow Concealed Diverter Bath & Shower 46mm,2026-08-01,Preeti,"Removed from 01st Aug, 2026"
6192-ON-OFF-N,CP Fittings / Faucets,EMERALD 61,Single Lever High Flow Concealed Diverter Bath & Shower 46mm (ON-OFF),2026-08-01,Preeti,"Removed from 01st Aug, 2026"
6193-N,CP Fittings / Faucets,EMERALD 61,Single Lever 3 In Let Concealed Diverter Bath & Shower 46mm,2026-08-01,Preeti,"Removed from 01st Aug, 2026"
6193-ON-OFF-N,CP Fittings / Faucets,EMERALD 61,Single Lever 3 In Let Concealed Diverter Bath & Shower 46mm (ON-OFF),2026-08-01,Preeti,"Removed from 01st Aug, 2026"
6195,CP Fittings / Faucets,EMERALD 61,Bath Tub Spout with Flange,2026-08-01,Preeti,"Removed from 01st Aug, 2026"
6196,CP Fittings / Faucets,EMERALD 61,Bath Tub Spout Tip Ton with Flange,2026-08-01,Preeti,"Removed from 01st Aug, 2026"
BB-61,CP Fittings / Faucets,EMERALD 61,"Exposed Parts (Wall Flange, Handle & Spout)",2026-08-01,Preeti,"Removed from 01st Aug, 2026"
DB-61-3IN-N,CP Fittings / Faucets,EMERALD 61,Exposed Parts (Wall Flange & Handle),2026-08-01,Preeti,"Removed from 01st Aug, 2026"
DB-61-3IN-ON-OFF-N,CP Fittings / Faucets,EMERALD 61,Exposed Parts (Wall Flange & Handle),2026-08-01,Preeti,"Removed from 01st Aug, 2026"
DB-61-H-N,CP Fittings / Faucets,EMERALD 61,Exposed Parts (Wall Flange & Handle),2026-08-01,Preeti,"Removed from 01st Aug, 2026"
DB-61-H-ON-OFF-N,CP Fittings / Faucets,EMERALD 61,Exposed Parts (Wall Flange & Handle),2026-08-01,Preeti,"Removed from 01st Aug, 2026"
DB-61-N,CP Fittings / Faucets,EMERALD 61,Exposed Parts (Wall Flange & Handle),2026-08-01,Preeti,"Removed from 01st Aug, 2026"
8792-ON-OFF-P,CP Fittings / Faucets,EVIAN 87,Single Lever High Flow Concealed Diverter Bath & Shower 46mm (ON-OFF),2026-08-01,Preeti,"Removed from 01st Aug, 2026"
DB-87-H-ON-OFF-P,CP Fittings / Faucets,EVIAN 87,"Exposed Parts (Wall Flange, Handle, Sleeve & Knob)",2026-08-01,Preeti,"Removed from 01st Aug, 2026"
9392-ON-OFF-P,CP Fittings / Faucets,LAGUNA 93,Single Lever High Flow Concealed Diverter Bath & Shower 46mm (ON-OFF),2026-08-01,Preeti,"Removed from 01st Aug, 2026"
DB-93-H-ON-OFF-P,CP Fittings / Faucets,LAGUNA 93,"Exposed Parts (Wall Flange, Handle, Sleeve & Knob)",2026-08-01,Preeti,"Removed from 01st Aug, 2026"
7692-ON-OFF-P,CP Fittings / Faucets,MACASA 76,Single Lever High Flow Concealed Diverter Bath & Shower 46mm (ON-OFF),2026-08-01,Preeti,"Removed from 01st Aug, 2026"
DB-76-H-ON-OFF-P,CP Fittings / Faucets,MACASA 76,"Exposed Parts (Wall Flange, Handle, Sleeve & Knob)",2026-08-01,Preeti,"Removed from 01st Aug, 2026"
6892-ON-OFF-P,CP Fittings / Faucets,MARCUS 68,Single Lever High Flow Concealed Diverter Bath & Shower 46mm (ON-OFF),2026-08-01,Preeti,"Removed from 01st Aug, 2026"
DB-68-H-ON-OFF-P,CP Fittings / Faucets,MARCUS 68,"Exposed Parts (Wall Flange, Handle, Sleeve & Knob)",2026-08-01,Preeti,"Removed from 01st Aug, 2026"
5592-ON-OFF-P,CP Fittings / Faucets,OCEAN 55,Single Lever High Flow Concealed Diverter Bath & Shower 46mm (ON-OFF),2026-08-01,Preeti,"Removed from 01st Aug, 2026"
DB-55-H-ON-OFF-P,CP Fittings / Faucets,OCEAN 55,"Exposed Parts (Wall Flange, Handle, Sleeve & Knob)",2026-08-01,Preeti,"Removed from 01st Aug, 2026"
5392-ON-OFF-P,CP Fittings / Faucets,ORBIT 53,Single Lever High Flow Concealed Diverter Bath & Shower 46mm (ON-OFF),2026-08-01,Preeti,"Removed from 01st Aug, 2026"
DB-53-H-ON-OFF-P,CP Fittings / Faucets,ORBIT 53,"Exposed Parts (Wall Flange, Handle, Sleeve & Knob)",2026-08-01,Preeti,"Removed from 01st Aug, 2026"
6092-ON-OFF-P,CP Fittings / Faucets,POLO 60,Single Lever High Flow Concealed Diverter Bath & Shower 46mm (ON-OFF),2026-08-01,Preeti,"Removed from 01st Aug, 2026"
DB-60-H-ON-OFF-P,CP Fittings / Faucets,POLO 60,"Exposed Parts (Wall Flange, Handle, Sleeve & Knob)",2026-08-01,Preeti,"Removed from 01st Aug, 2026"
121-VB,PTMT & Plastic Fittings,,Bib Cock Fancy 15mm (Foam Flow) with Flange,2026-03-05,Preeti,"Removed from 05th Mar, 2026"
124-APF,PTMT & Plastic Fittings,,Bib Cock Long Body 15mm Foam Flow with Flange,2026-03-05,Preeti,"Removed from 05th Mar, 2026"
124-ASF,PTMT & Plastic Fittings,,Bib Cock Long Body 15mm Foam Flow with Flange,2026-03-05,Preeti,"Removed from 05th Mar, 2026"
124-EBF,PTMT & Plastic Fittings,,Bib Cock Long Body 15mm Foam Flow with Flange,2026-03-05,Preeti,"Removed from 05th Mar, 2026"
124-VB,PTMT & Plastic Fittings,,Bib Cock Long Smart Body 15mm with Flange,2026-03-05,Preeti,"Removed from 05th Mar, 2026"
127-VB,PTMT & Plastic Fittings,,Bib Cock Nozzle with Flange,2026-03-05,Preeti,"Removed from 05th Mar, 2026"
129-VB,PTMT & Plastic Fittings,,2 Way Bib Cock with Flange,2026-03-05,Preeti,"Removed from 05th Mar, 2026"
130-VB,PTMT & Plastic Fittings,,Pillar Cock with Flange,2026-03-05,Preeti,"Removed from 05th Mar, 2026"
132-VB,PTMT & Plastic Fittings,,Sink Cock (W/M) Foam Flow with Flange,2026-03-05,Preeti,"Removed from 05th Mar, 2026"
1322-VB,PTMT & Plastic Fittings,,Sink Cock Swing Arm Short (W/M) Foam Flow with Flange,2026-03-05,Preeti,"Removed from 05th Mar, 2026"
133-VB,PTMT & Plastic Fittings,,Sink Cock (T/M) Long Spout Foam Flow with Flange,2026-03-05,Preeti,"Removed from 05th Mar, 2026"
134-VB,PTMT & Plastic Fittings,,Sink Mixer Foam Flow with Flange,2026-03-05,Preeti,"Removed from 05th Mar, 2026"
135-VB,PTMT & Plastic Fittings,,Wall Mixer Foam Flow with Flange,2026-03-05,Preeti,"Removed from 05th Mar, 2026"
1375-VB,PTMT & Plastic Fittings,,Wall Mixer with L Bend,2026-03-05,Preeti,"Removed from 05th Mar, 2026"
144-VB,PTMT & Plastic Fittings,,Angle Cock with Flange,2026-03-05,Preeti,"Removed from 05th Mar, 2026"
145-VB,PTMT & Plastic Fittings,,2 Way Angle Cock with Flange,2026-03-05,Preeti,"Removed from 05th Mar, 2026"
147-VB,PTMT & Plastic Fittings,,Pillar Cock Swan Neck Foam Flow with Flange,2026-03-05,Preeti,"Removed from 05th Mar, 2026"
149-VB,PTMT & Plastic Fittings,,Washing Machine Tap with Flange,2026-03-05,Preeti,"Removed from 05th Mar, 2026"
400-L,PTMT & Plastic Fittings,,Single Lever Basin Mixer Foam Flow,2026-03-05,Preeti,"Removed from 05th Mar, 2026"
400-LG,PTMT & Plastic Fittings,,Single Lever Basin Mixer Foam Flow,2026-03-05,Preeti,"Removed from 05th Mar, 2026"
400-LP,PTMT & Plastic Fittings,,Single Lever Basin Mixer Foam Flow,2026-03-05,Preeti,"Removed from 05th Mar, 2026"
400-LR,PTMT & Plastic Fittings,,Single Lever Basin Mixer Foam Flow,2026-03-05,Preeti,"Removed from 05th Mar, 2026"
400-LW,PTMT & Plastic Fittings,,Single Lever Basin Mixer Foam Flow,2026-03-05,Preeti,"Removed from 05th Mar, 2026"
400-QB,PTMT & Plastic Fittings,,Single Lever Basin Mixer Foam Flow,2026-03-05,Preeti,"Removed from 05th Mar, 2026"
C121,Pipes & Fittings,,,2026-02-01,Preeti,"Removed from 01st Feb, 2026"
C122,Pipes & Fittings,,,2026-02-01,Preeti,"Removed from 01st Feb, 2026"
C123,Pipes & Fittings,,,2026-02-01,Preeti,"Removed from 01st Feb, 2026"
C124,Pipes & Fittings,,,2026-02-01,Preeti,"Removed from 01st Feb, 2026"
C125,Pipes & Fittings,,,2026-02-01,Preeti,"Removed from 01st Feb, 2026"
C126,Pipes & Fittings,,,2026-02-01,Preeti,"Removed from 01st Feb, 2026"
C230L,Pipes & Fittings,,,2026-02-01,Preeti,"Removed from 01st Feb, 2026"
C231L,Pipes & Fittings,,,2026-02-01,Preeti,"Removed from 01st Feb, 2026"
C232L,Pipes & Fittings,,,2026-02-01,Preeti,"Removed from 01st Feb, 2026"
C233L,Pipes & Fittings,,,2026-02-01,Preeti,"Removed from 01st Feb, 2026"
C234L,Pipes & Fittings,,,2026-02-01,Preeti,"Removed from 01st Feb, 2026"
C235L,Pipes & Fittings,,,2026-02-01,Preeti,"Removed from 01st Feb, 2026"
U121,Pipes & Fittings,UPVC Fittings,,2026-02-01,Preeti,"Removed from 01st Feb, 2026"
U122,Pipes & Fittings,UPVC Fittings,,2026-02-01,Preeti,"Removed from 01st Feb, 2026"
U123,Pipes & Fittings,UPVC Fittings,,2026-02-01,Preeti,"Removed from 01st Feb, 2026"
U124,Pipes & Fittings,UPVC Fittings,,2026-02-01,Preeti,"Removed from 01st Feb, 2026"
U125,Pipes & Fittings,UPVC Fittings,,2026-02-01,Preeti,"Removed from 01st Feb, 2026"
U126,Pipes & Fittings,UPVC Fittings,,2026-02-01,Preeti,"Removed from 01st Feb, 2026"
